v_lr,p_lr,pca_features,tfidf_max_features,n_training_steps,update_only_last,batch_mean,rouge-1-train,rouge-2-train,rouge-l-train,mean-train,rouge-1-test,rouge-2-test,rouge-l-test,mean-test,time_taken
0.2,0.5,250,2000,500,True,True,0.358481568736,0.141025200702,0.261728175564,0.253744981667,0.410369265445,0.176334935885,0.289119015078,0.291941072136,179.4479
0.2,0.5,250,2000,500,False,True,0.354250050574,0.139682531222,0.256326829825,0.25008647054,0.404802795139,0.170180591156,0.283829331644,0.286270905979,208.1308
0.2,0.5,500,2000,500,True,True,0.359198302468,0.143039085041,0.259253849848,0.253830412453,0.398222289398,0.166283308046,0.283794387557,0.282766661667,227.5787
0.2,0.5,500,2000,500,False,True,0.355857054507,0.141086844801,0.258451329065,0.251798409458,0.398376597165,0.164548720795,0.28479041223,0.282571910063,248.1321
0.2,0.5,750,2000,500,True,True,0.358097446834,0.143041310395,0.26201760379,0.254385453673,0.389322697322,0.162328771066,0.281122265368,0.277591244586,264.9714
0.2,0.5,750,2000,500,False,True,0.360982241996,0.146359636295,0.263280306254,0.256874061515,0.394691399249,0.16440022257,0.280430897912,0.27984083991,325.2536
0.25,0.1,250,2000,500,True,True,0.350766895948,0.137486176124,0.26046322331,0.249572098461,0.38418814322,0.155804210661,0.264076289092,0.268022880991,196.3960
0.25,0.1,250,2000,500,False,True,0.361411167094,0.146268980174,0.265408950908,0.257696366059,0.396883537124,0.166842114817,0.27779179663,0.28050581619,218.5891
0.25,0.1,500,2000,500,True,True,0.364326469545,0.149647267771,0.268161151694,0.26071162967,0.37440328741,0.155664255028,0.266459081597,0.265508874678,225.5507
0.25,0.1,500,2000,500,False,True,0.365950585491,0.147499626551,0.266834173048,0.26009479503,0.394470336978,0.164019802989,0.280166042591,0.279552060853,272.1911
0.4,0.35,750,2000,500,True,True,0.365249444593,0.14567361992,0.267333608323,0.259418890945,0.394090115414,0.157697173035,0.276330884992,0.276039391147,281.7158
0.4,0.35,750,2000,500,False,True,0.360879131566,0.144035020595,0.261305175577,0.255406442579,0.404462621613,0.1687500985,0.290809685791,0.288007468635,334.2326
0.4,0.4,250,2000,500,True,True,0.3546720086,0.139080785652,0.257917395573,0.250556729942,0.39683590392,0.164487622251,0.280128141766,0.280483889312,205.1636
0.4,0.4,250,2000,500,False,True,0.3533098298,0.140562260956,0.258467910888,0.250780000548,0.408347313966,0.17424681328,0.289529806169,0.290707977805,242.4359
0.4,0.4,500,2000,500,True,True,0.346574653069,0.132611518862,0.253149440734,0.244111870888,0.366943845434,0.147398184885,0.262138160742,0.258826730354,240.6314
0.4,0.4,500,2000,500,False,True,0.359814304638,0.141704277644,0.260693351615,0.254070644632,0.399275274894,0.164000863595,0.284060628397,0.282445588962,270.2228
0.4,0.4,750,2000,500,True,True,0.35747499833,0.144098649651,0.262821273777,0.254798307253,0.382403839896,0.154966821011,0.270787217597,0.269385959501,275.6860
0.4,0.4,750,2000,500,False,True,0.364808417309,0.147612745129,0.268597143403,0.26033943528,0.40670899883,0.170106132281,0.287543372505,0.288119501205,315.6295
0.4,0.45,250,2000,500,True,True,0.360464596543,0.145114736007,0.264281707474,0.256620346675,0.403610459377,0.166514733865,0.282195399478,0.28410686424,205.3712
0.4,0.45,250,2000,500,False,True,0.352298641236,0.13902243269,0.257499838325,0.24960697075,0.409758973826,0.174036251782,0.294046208884,0.292613811497,228.9602
0.45,0.4,500,2000,500,True,True,0.362509515992,0.144432166616,0.2640649075,0.257002196703,0.399187545476,0.16429479547,0.284367793182,0.282616711376,254.8655
0.45,0.4,500,2000,500,False,True,0.365259609567,0.145539518345,0.265120249344,0.258639792419,0.412029215301,0.174375832409,0.295089253174,0.293831433628,261.0643
0.45,0.4,750,2000,500,True,True,0.354457658492,0.142860513866,0.257512549285,0.251610240547,0.384901586632,0.163209622592,0.281008655552,0.276373288259,282.6541
0.45,0.4,750,2000,500,False,True,0.355408284644,0.141725708708,0.25786386074,0.251665951364,0.391752028977,0.161992691375,0.283848203918,0.279197641423,269.1675
0.05,0.25,250,2000,500,True,True,0.352383074446,0.139568026063,0.25594467,0.24929859017,0.400955025279,0.172197593761,0.281299216062,0.284817278367,186.1476
0.05,0.25,250,2000,500,False,True,0.362330437129,0.144166076567,0.262529150343,0.256341888013,0.404336148242,0.166237292787,0.281225865881,0.283933102304,204.7989
0.05,0.25,500,2000,500,True,True,0.358467252141,0.143838428014,0.260302102426,0.254202594194,0.389902530711,0.162617691375,0.279677387727,0.277399203271,232.2433
0.05,0.25,500,2000,500,False,True,0.361704692412,0.146202713066,0.264321917925,0.257409774468,0.39412271851,0.16190697709,0.279454939968,0.278494878523,255.2843
0.05,0.25,750,2000,500,True,True,0.362516129877,0.146029080019,0.26203636143,0.256860523775,0.388180361561,0.157931508114,0.272182340019,0.272764736565,273.7734
0.05,0.25,750,2000,500,False,True,0.362262254458,0.14572668078,0.26376463683,0.257251190689,0.403931147629,0.166180867731,0.284271224253,0.284794413204,325.0949
0.05,0.3,250,2000,500,True,True,0.349294101646,0.136926400085,0.257152162625,0.247790888119,0.372182914088,0.146011287081,0.258420776963,0.258871659378,190.5184
0.05,0.3,250,2000,500,False,True,0.353310016691,0.138862024741,0.25723041534,0.249800818924,0.408711789848,0.173186083432,0.290908192568,0.290935355282,204.7520
0.05,0.3,500,2000,500,True,True,0.362048473494,0.14452527196,0.261912080755,0.25616194207,0.403762683967,0.17440044815,0.289629908325,0.289264346814,228.1110
0.05,0.3,500,2000,500,False,True,0.361669374154,0.144741590526,0.265664943704,0.257358636128,0.405440089229,0.166750832409,0.288421364611,0.286870762083,259.1808
0.4,0.25,500,2000,500,True,True,0.357408427824,0.141841329318,0.259268634117,0.252839463753,0.410286832524,0.175863719521,0.294762401025,0.293637651023,239.8438
0.4,0.25,500,2000,500,False,True,0.361711203452,0.14326990005,0.26197424089,0.255651781464,0.405657976317,0.171266596817,0.288270578033,0.288398383722,289.1433
0.4,0.25,750,2000,500,True,True,0.36023698831,0.145724768613,0.258852336628,0.254938031184,0.408497869152,0.172745137883,0.288142917374,0.289795308137,273.2625
0.4,0.25,750,2000,500,False,True,0.367728692704,0.14790047568,0.267153933815,0.260927700733,0.40731974364,0.16979632836,0.286439170226,0.287851747408,273.1136
0.3,0.2,250,2000,500,True,True,0.35590965504,0.139140598596,0.260663312969,0.251904522202,0.404363797483,0.17174681328,0.289310312287,0.288473641016,181.3750
0.3,0.2,250,2000,500,False,True,0.363749524594,0.144682760198,0.26614246248,0.258191582424,0.40603551669,0.172573175423,0.288715007322,0.289107899812,202.0279
0.3,0.2,500,2000,500,True,True,0.363770070193,0.145843994563,0.266199195237,0.258604419998,0.398179156023,0.162759826884,0.283053439557,0.281330807488,229.0078
0.3,0.2,500,2000,500,False,True,0.364173485151,0.146900708339,0.266680147759,0.259251447083,0.414961197333,0.175535897886,0.291587792301,0.29402829584,251.8695
0.3,0.2,750,2000,500,True,True,0.352875120606,0.136478493028,0.258681371313,0.249344994982,0.371003359941,0.151654098736,0.262756216728,0.261804558469,261.8021
0.3,0.2,750,2000,500,False,True,0.362247782464,0.145381915727,0.264590400315,0.257406699502,0.402967891788,0.167388920952,0.285915625252,0.285424145998,316.7249
0.3,0.25,250,2000,500,True,True,0.360433376458,0.145211788072,0.264325263221,0.25665680925,0.389815255789,0.165565536004,0.276290990734,0.277223927509,190.5740
0.3,0.25,250,2000,500,False,True,0.362363710649,0.14639519253,0.264236891188,0.257665264789,0.406987478011,0.175981400531,0.288055366393,0.290341414979,203.5377
0.3,0.25,500,2000,500,True,True,0.361469352957,0.144395496993,0.264735308718,0.256866719556,0.39313400003,0.161215855468,0.276098006487,0.276815953995,227.9554
0.3,0.25,500,2000,500,False,True,0.3599573009,0.144214797548,0.261638189111,0.255270095853,0.398338203583,0.16503553621,0.282267372307,0.2818803707,274.0185
0.45,0.1,750,2000,500,True,True,0.365695508583,0.145866478397,0.266235430706,0.259265805895,0.401171312365,0.16266189172,0.281348115311,0.281727106465,276.1602
0.45,0.1,750,2000,500,False,True,0.351130638157,0.141471699879,0.254549034551,0.249050457529,0.373771092321,0.155098415281,0.266822050706,0.265230519436,324.8777
0.45,0.15,250,2000,500,True,True,0.360180899835,0.145983981098,0.259441525611,0.255202135515,0.370369192463,0.154139874633,0.264120842766,0.262876636621,215.5292
0.45,0.15,250,2000,500,False,True,0.360006559272,0.142879963488,0.261433840874,0.254773454544,0.410084188203,0.173557158107,0.290365886755,0.291335744355,207.1952
0.45,0.15,500,2000,500,True,True,0.362379556812,0.145362171628,0.262778400421,0.256840042954,0.401483638051,0.166315547865,0.281544387557,0.283114524491,236.6636
0.45,0.15,500,2000,500,False,True,0.363357835608,0.145725542845,0.263562029731,0.257548469395,0.402899355627,0.17066053621,0.285227981685,0.286262624507,284.5929
0.45,0.15,750,2000,500,True,True,0.332770380294,0.13067595392,0.23921753417,0.234221289461,0.353386920195,0.143287634931,0.261236224707,0.252636926611,278.2813
0.45,0.15,750,2000,500,False,True,0.361565135927,0.145845927916,0.264070683732,0.257160582525,0.407774268842,0.167609793056,0.293584577566,0.289656213155,330.0788
0.45,0.2,250,2000,500,True,True,0.345244784791,0.134465435771,0.25382056738,0.244510262647,0.374930018565,0.152657160622,0.258946524636,0.262177901274,206.4217
0.45,0.2,250,2000,500,False,True,0.360466424344,0.14574256742,0.26210799673,0.256105662832,0.395288529073,0.163165644229,0.279518251656,0.279324141653,235.2165
0.1,0.4,250,2000,500,True,True,0.348050649063,0.136382123806,0.256641415224,0.247024729364,0.392510578407,0.163635241681,0.270169916059,0.275438578716,221.3901
0.1,0.4,250,2000,500,False,True,0.359949666385,0.143045818865,0.26372575272,0.25557374599,0.402841439126,0.166353748011,0.283568174851,0.284254453996,225.4119
0.1,0.4,500,2000,500,True,True,0.361388810339,0.143208501533,0.260104705075,0.254900672316,0.405212501397,0.173459778635,0.286354993618,0.28834242455,232.1896
0.1,0.4,500,2000,500,False,True,0.363744924753,0.14604268161,0.262914570149,0.257567392171,0.405390279175,0.171428362992,0.28555727282,0.287458638329,307.6350
0.1,0.4,750,2000,500,True,True,0.361389396494,0.146646252673,0.264078036518,0.257371228562,0.395179828479,0.163801498339,0.283354538898,0.280778621905,292.3178
0.1,0.4,750,2000,500,False,True,0.36366075552,0.147912521603,0.265037942115,0.258870406413,0.406253633922,0.168865839241,0.290177170159,0.28843221444,307.6096
0.1,0.45,250,2000,500,True,True,0.351751280945,0.138350228116,0.252927521113,0.247676343392,0.401967080495,0.171573351337,0.285615235555,0.286385222462,211.2132
0.1,0.45,250,2000,500,False,True,0.354178846405,0.139156139419,0.257474149276,0.2502697117,0.406179405246,0.173895029658,0.288454175917,0.289509536941,226.0164
0.1,0.45,500,2000,500,True,True,0.368536589892,0.149326177985,0.265962861716,0.261275209865,0.4015982634,0.164625863595,0.283868968205,0.283364365067,250.9097
0.1,0.45,500,2000,500,False,True,0.358021138325,0.142425368584,0.259468369968,0.253304958959,0.400957786729,0.16503553621,0.284560494,0.28351793898,301.3669
0.2,0.1,250,2000,500,True,True,0.34648693369,0.134567205924,0.251951526421,0.244335222012,0.361342450183,0.143133258677,0.256638029583,0.253704579481,195.0668
0.2,0.1,250,2000,500,False,True,0.354264093999,0.141086373322,0.254853214261,0.25006789386,0.408065255789,0.174996215346,0.285065449828,0.289375640321,200.4602
0.2,0.1,500,2000,500,True,True,0.343098100743,0.135129125078,0.245694744857,0.241307323559,0.365376189285,0.152636959631,0.271268432984,0.263093860633,225.8747
0.2,0.1,500,2000,500,False,True,0.360711734458,0.144526847465,0.264784094027,0.256674225317,0.408086197333,0.174189096539,0.289608800704,0.290628031525,248.0461
0.2,0.1,750,2000,500,True,True,0.369694844758,0.150464184752,0.269973329041,0.26337745285,0.379984632635,0.154675956483,0.271056094739,0.268572227952,262.8921
0.2,0.1,750,2000,500,False,True,0.362293674985,0.147179060628,0.264764958054,0.258079231223,0.397844223083,0.168570067539,0.283621236985,0.283345175869,310.2120
0.2,0.15,250,2000,500,True,True,0.354020278189,0.138695429929,0.256912378569,0.249876028896,0.411462128781,0.17418755402,0.289330630345,0.291660104382,189.4945
0.2,0.15,250,2000,500,False,True,0.363522047072,0.145649807574,0.26539167276,0.258187842469,0.398978902933,0.167920794471,0.280774974236,0.28255822388,212.5370
0.2,0.15,500,2000,500,True,True,0.358463779719,0.143055863308,0.25775611175,0.253091918259,0.397719853109,0.16622730479,0.280619762583,0.281522306827,232.8780
0.2,0.15,500,2000,500,False,True,0.363258411673,0.147549436849,0.264290078415,0.258365975646,0.411431147629,0.173406508756,0.290980560317,0.291939405568,262.4496
0.0,0.35,750,2000,500,True,True,0.352053041383,0.141310945408,0.254344219047,0.249236068613,0.382020291653,0.161177960735,0.277847812526,0.273682021638,266.6069
0.0,0.35,750,2000,500,False,True,0.362533174822,0.146315003609,0.264443639356,0.257763939263,0.402390406888,0.166980867731,0.285095400077,0.284822224899,305.5198
0.0,0.4,250,2000,500,True,True,0.352185664502,0.137990921727,0.254146886289,0.248107824173,0.398642641589,0.173083308046,0.28494649506,0.285557481565,207.6046
0.0,0.4,250,2000,500,False,True,0.351863184787,0.137814041708,0.256154299582,0.248610508692,0.409273239892,0.172901183147,0.289529806169,0.290568076403,222.0965
0.0,0.4,500,2000,500,True,True,0.358266530212,0.143745201568,0.258954822628,0.253655518136,0.406198724075,0.173659778635,0.2886368784,0.28949846037,231.3408
0.0,0.4,500,2000,500,False,True,0.359340948705,0.142562222109,0.258853258951,0.253585476588,0.40964826292,0.172725191383,0.293015520455,0.291796324919,280.3494
0.0,0.4,750,2000,500,True,True,0.35169114933,0.140554980307,0.253983297195,0.248743142277,0.378750223375,0.159400098783,0.276384656945,0.271511659701,267.6721
0.0,0.4,750,2000,500,False,True,0.353764468355,0.142304084418,0.256169369035,0.250745973936,0.396799647545,0.16503553621,0.281221287806,0.281018823854,322.8589
0.0,0.45,250,2000,500,True,True,0.360365676832,0.145551993085,0.263042613986,0.256320094634,0.399135089919,0.16554659661,0.280096217179,0.281592634569,208.3306
0.0,0.45,250,2000,500,False,True,0.364771347745,0.144636564938,0.264204163607,0.257870692097,0.400351966402,0.165496552046,0.28142203306,0.282423517169,217.9076
0.1,0.35,500,2000,500,True,True,0.363732891477,0.145816114333,0.263824175945,0.257791060585,0.400993332269,0.164566604336,0.283720478702,0.283093471769,222.9968
0.1,0.35,500,2000,500,False,True,0.363131599727,0.145132951646,0.265020821163,0.257761790845,0.402981596253,0.166350191383,0.286973853788,0.285435213808,278.4345
0.1,0.35,750,2000,500,True,True,0.365024842269,0.144590136957,0.261662320552,0.257092433259,0.385572394132,0.161442660189,0.281835493092,0.276283515804,281.9033
0.1,0.35,750,2000,500,False,True,0.358007830791,0.143669999586,0.2600541835,0.253910671292,0.41112928828,0.1757500985,0.297476352458,0.294785246413,269.8857
0.35,0.5,500,2000,500,True,True,0.358183928593,0.141406469918,0.258815386985,0.252801928499,0.397422191508,0.170253005016,0.286222398762,0.284632531762,259.9151
0.35,0.5,500,2000,500,False,True,0.361876161827,0.144061825497,0.261647298987,0.255861762104,0.408132043252,0.168005203038,0.290692535705,0.288943260665,286.5011
0.35,0.5,750,2000,500,True,True,0.363693667414,0.14615171857,0.262307385226,0.25738425707,0.394123194014,0.16419700176,0.283077443717,0.28046587983,258.5942
0.35,0.5,750,2000,500,False,True,0.359233255328,0.145494338115,0.262796387369,0.255841326937,0.383651289359,0.162683050852,0.278582748126,0.274972362779,236.3618
0.25,0.5,750,2000,500,True,True,0.35707300839,0.144711751882,0.260262539528,0.2540157666,0.391705573039,0.163153882066,0.280591782779,0.278483745961,282.9406
0.25,0.5,750,2000,500,False,True,0.358462627128,0.145712810315,0.261959372715,0.255378270053,0.39177700161,0.163829812587,0.283774525962,0.279793780053,309.5947
0.3,0.1,250,2000,500,True,True,0.347742020551,0.135314737559,0.251676741111,0.244911166407,0.35434336709,0.151165909806,0.261688305505,0.255732527467,196.5260
0.3,0.1,250,2000,500,False,True,0.363500654052,0.147436088526,0.266064910999,0.259000551192,0.395253854189,0.165631440664,0.281993461631,0.280959585495,213.5412
0.3,0.1,500,2000,500,True,True,0.359525127142,0.144601672305,0.260252439748,0.254793079732,0.387653745274,0.161276990246,0.277808088883,0.275579608134,232.5530
0.3,0.1,500,2000,500,False,True,0.361485205363,0.145725028953,0.262520413439,0.256576882585,0.40754893293,0.175190267753,0.289809220872,0.290849473852,276.8203
0.3,0.1,750,2000,500,True,True,0.361343482823,0.146001197674,0.263287815306,0.256877498601,0.400245509924,0.167593045531,0.28402126569,0.283953273715,297.3232
0.3,0.1,750,2000,500,False,True,0.369287093308,0.14899530054,0.269129723234,0.262470705694,0.400334141187,0.162942361912,0.282849019007,0.282041840702,299.2084
0.3,0.15,250,2000,500,True,True,0.359392001932,0.143821905485,0.26247477062,0.255229559345,0.412805112677,0.177164823211,0.294819935158,0.294929957015,186.1178
0.3,0.15,250,2000,500,False,True,0.36223465,0.143886480844,0.2631209399,0.256414023581,0.398673951441,0.168893521743,0.278516904855,0.282028126013,210.6136
0.45,0.45,250,2000,500,True,True,0.356148370963,0.139841348021,0.257619857856,0.25120319228,0.397562888047,0.164573336537,0.281907344045,0.28134785621,203.7053
0.45,0.45,250,2000,500,False,True,0.350686911274,0.137700228365,0.25572952395,0.248038887863,0.401627737246,0.170730046493,0.285459198616,0.285938994118,233.2890
0.45,0.45,500,2000,500,True,True,0.357933589584,0.143023213814,0.261661500242,0.254206101213,0.391975336646,0.16270697709,0.280974462112,0.278552258616,248.8031
0.45,0.45,500,2000,500,False,True,0.362158725611,0.146578544571,0.263681961149,0.25747307711,0.402680483317,0.165949807125,0.286609943268,0.285080077903,292.7172
0.45,0.45,750,2000,500,True,True,0.36855863438,0.149088727484,0.26612448335,0.261257281738,0.396670805922,0.16650697327,0.287197675337,0.283458484843,281.5423
0.45,0.45,750,2000,500,False,True,0.360613690917,0.143658491888,0.258853034239,0.254375072348,0.405366197603,0.168149433807,0.290548115311,0.288021248907,330.2628
0.45,0.5,250,2000,500,True,True,0.358117153208,0.14386499741,0.261712084377,0.254564744998,0.407576888861,0.172354288917,0.28760727282,0.289179483533,197.8382
0.45,0.5,250,2000,500,False,True,0.35373258835,0.138596982801,0.256865895089,0.24973182208,0.408928903513,0.172918018164,0.291012401025,0.290953107567,208.3488
0.45,0.5,500,2000,500,True,True,0.365773325335,0.146794003473,0.265249981193,0.259272436667,0.397960067113,0.163742361912,0.283028033541,0.281576820855,249.4713
0.45,0.5,500,2000,500,False,True,0.3611357118,0.144082278755,0.261991583433,0.255736524663,0.395941330358,0.166627263002,0.280295827022,0.280954806794,277.0240
0.0,0.25,500,2000,500,True,True,0.358865325859,0.145318793859,0.262312790775,0.255498970164,0.382170935697,0.157537844402,0.274595757176,0.271434845758,218.3360
0.0,0.25,500,2000,500,False,True,0.362597239945,0.146997862294,0.265348003825,0.258314368688,0.405446966354,0.16862057259,0.28849316253,0.287520233824,258.4983
0.0,0.25,750,2000,500,True,True,0.360792407875,0.145202367261,0.261804667819,0.255933147651,0.404354428052,0.166921608472,0.282590348677,0.2846221284,268.8575
0.0,0.25,750,2000,500,False,True,0.363691259824,0.147486658765,0.264894717861,0.258690878817,0.404490880294,0.168813920952,0.287907587889,0.287070796378,302.6663
0.05,0.5,750,2000,500,True,True,0.359960869266,0.143420852703,0.261562942684,0.254981554884,0.390553266347,0.161825010774,0.282555606072,0.278311294398,275.8604
0.05,0.5,750,2000,500,False,True,0.363765452394,0.146414883649,0.26399928355,0.258059873198,0.395597077485,0.160392691375,0.280100101258,0.278696623373,309.7217
0.1,0.1,250,2000,500,True,True,0.366533705166,0.148447236404,0.266641976068,0.260540972546,0.388287045896,0.158136842656,0.272032616594,0.272818835049,199.8354
0.1,0.1,250,2000,500,False,True,0.352260590029,0.140055907729,0.256941590344,0.249752696034,0.40859540738,0.173095029658,0.286404891868,0.289365109635,206.0238
0.1,0.1,500,2000,500,True,True,0.358699663917,0.142015894526,0.258289137487,0.25300156531,0.398454988723,0.173543914107,0.284199976325,0.285399626385,235.5395
0.1,0.1,500,2000,500,False,True,0.364154265059,0.145460163018,0.263534221041,0.257716216373,0.400205093989,0.164428362992,0.280140606153,0.281591354378,257.9868
0.1,0.1,750,2000,500,True,True,0.355529730501,0.142662835667,0.257374599133,0.251855721767,0.375416350572,0.155843966026,0.266688648276,0.265982988291,267.9241
0.1,0.1,750,2000,500,False,True,0.360433518395,0.145801570518,0.260512721189,0.255582603367,0.398079515853,0.170384207147,0.285969671315,0.284811131438,328.3385
0.1,0.15,250,2000,500,True,True,0.360686931013,0.144857942164,0.262630035386,0.256058302854,0.40451214071,0.169991164841,0.284112361819,0.286205222457,188.2499
0.1,0.15,250,2000,500,False,True,0.355147358551,0.141620506527,0.260016937003,0.252261600694,0.40603962178,0.172916188891,0.284510474791,0.287822095154,210.8559
0.35,0.2,750,2000,500,True,True,0.357503974771,0.142927204012,0.2606803247,0.253703834494,0.394454960754,0.161979992963,0.283583959448,0.280006304388,273.5443
0.35,0.2,750,2000,500,False,True,0.362447280185,0.145993154508,0.263508661767,0.257316365487,0.404040653316,0.16997522257,0.287360449842,0.287125441909,308.9954
0.35,0.25,250,2000,500,True,True,0.352069011953,0.136749339123,0.259143404008,0.249320585028,0.396105641778,0.163312686076,0.27669768241,0.278705336755,194.2767
0.35,0.25,250,2000,500,False,True,0.364023580233,0.1449507273,0.265977684027,0.25831733052,0.394872391629,0.164142872393,0.279727043953,0.279580769325,202.9198
0.35,0.25,500,2000,500,True,True,0.358734102902,0.141333107453,0.259456006515,0.253174405623,0.396467826196,0.163859065622,0.28161323077,0.280646707529,235.6983
0.35,0.25,500,2000,500,False,True,0.369958434607,0.149591690029,0.270301180882,0.263283768506,0.410387694611,0.169908192258,0.287951428664,0.289415771845,287.0796
0.35,0.25,750,2000,500,True,True,0.369496110057,0.146827709428,0.266637921143,0.260987246876,0.397326361478,0.16650697327,0.287295558935,0.283709631228,269.1526
0.35,0.25,750,2000,500,False,True,0.363350146281,0.146402994675,0.265169896698,0.258307679218,0.400280353978,0.165004397143,0.284271224253,0.283185325125,312.9662
0.35,0.3,250,2000,500,True,True,0.357312744984,0.142671337152,0.260575964998,0.253520015711,0.409947843067,0.17424681328,0.290244091883,0.291479582743,195.7035
0.35,0.3,250,2000,500,False,True,0.359187471591,0.144829293588,0.262620835674,0.255545866951,0.408335489903,0.175356400531,0.289841080679,0.291177657038,217.8581
0.25,0.4,500,2000,500,True,True,0.36088469092,0.146096539349,0.260747676361,0.255909635543,0.405317548202,0.172659778635,0.284102246365,0.287359857734,226.4243
0.25,0.4,500,2000,500,False,True,0.361505142484,0.144134363532,0.261817648847,0.255819051621,0.408229933867,0.173690547865,0.293345734359,0.291755405364,270.8455
0.25,0.4,750,2000,500,True,True,0.362892663369,0.147837407381,0.263989101082,0.258239723944,0.392707272265,0.163755061279,0.280907088389,0.279123140644,281.9811
0.25,0.4,750,2000,500,False,True,0.364562253228,0.147597246153,0.264420417494,0.258859972291,0.398683929968,0.164514077277,0.281401508184,0.28153317181,272.1070
0.4,0.5,250,2000,500,True,True,0.349083810182,0.136884070568,0.252858724993,0.246275535248,0.38191213544,0.158226213289,0.268405462757,0.269514603829,205.6880
0.4,0.5,250,2000,500,False,True,0.35646396989,0.14285484909,0.259046262792,0.252788360591,0.410103343888,0.173630474605,0.287635474791,0.290456431095,223.2269
0.4,0.5,500,2000,500,True,True,0.362442413644,0.142713956716,0.262677331209,0.25594456719,0.402283814885,0.165425863595,0.285496715458,0.284402131313,234.8161
0.4,0.5,500,2000,500,False,True,0.361874567832,0.145742272409,0.2629321575,0.256849665914,0.402226834828,0.166140149309,0.285407429744,0.284591471294,262.8876
0.4,0.5,750,2000,500,True,True,0.359730124058,0.143685031825,0.26199133837,0.255135498084,0.403774790925,0.1687500985,0.290164524501,0.287563137975,279.1924
0.4,0.5,750,2000,500,False,True,0.363861407183,0.146773451625,0.262738737959,0.257791198922,0.406106938344,0.168149433807,0.290548115311,0.288268162487,307.1350
0.45,0.1,250,2000,500,True,True,0.343936981873,0.134313908206,0.244834631464,0.241028507181,0.36170258672,0.14742345984,0.267503037432,0.258876361331,209.4738
0.45,0.1,250,2000,500,False,True,0.359978485279,0.144185342015,0.260532877542,0.254898901612,0.393310705251,0.164367278737,0.277823420175,0.278500468054,212.3067
0.45,0.1,500,2000,500,True,True,0.352268969039,0.140109470319,0.25462840423,0.249002281196,0.369994315797,0.15445005005,0.272603267934,0.265682544594,241.2250
0.45,0.1,500,2000,500,False,True,0.357430937848,0.143970746856,0.26038660628,0.253929430328,0.390554993063,0.162843332401,0.280636280686,0.278011535383,273.1626
0.1,0.45,750,2000,500,True,True,0.361341607752,0.145251073871,0.261017616446,0.255870099356,0.401688948926,0.166283308046,0.287095734359,0.285022663777,273.4568
0.1,0.45,750,2000,500,False,True,0.362640391579,0.144548585779,0.265039366915,0.257409448091,0.400219270235,0.165179397143,0.284558463895,0.283319043757,325.6767
0.1,0.5,250,2000,500,True,True,0.361353295641,0.145795266526,0.265047634706,0.257398732291,0.398995588868,0.166108257171,0.282415994271,0.282506613437,193.3905
0.1,0.5,250,2000,500,False,True,0.35525819621,0.141199764436,0.2575946259,0.251350862182,0.405244321811,0.172228362992,0.287675339938,0.288382674914,223.2752
0.1,0.5,500,2000,500,True,True,0.35437346486,0.144051799941,0.258242805357,0.252222690053,0.38086478892,0.160148937792,0.278002983064,0.273005569925,232.9442
0.1,0.5,500,2000,500,False,True,0.361198246851,0.145596191103,0.261499200966,0.25609787964,0.400561992646,0.164949807125,0.282205522718,0.28257244083,291.7143
0.1,0.5,750,2000,500,True,True,0.36336247312,0.142961971358,0.262848602882,0.256391015787,0.396841154569,0.164548720795,0.285174645394,0.282188173586,279.9501
0.1,0.5,750,2000,500,False,True,0.360471488758,0.144670538869,0.258783235235,0.254641754288,0.39989488564,0.165725191383,0.284195174134,0.283271750386,316.5682
0.15,0.1,250,2000,500,True,True,0.363140183104,0.145822565461,0.266714469519,0.258559072694,0.399260384415,0.167120794471,0.277974607936,0.281451928941,209.4357
0.15,0.1,250,2000,500,False,True,0.361042443198,0.146871176927,0.264009894241,0.257307838122,0.383545666586,0.156949770319,0.267237330399,0.269244255768,230.7624
0.05,0.2,500,2000,500,True,True,0.356092701266,0.143913427313,0.257610243779,0.252538790786,0.379799551825,0.159340839523,0.272833367877,0.270657919742,245.7290
0.05,0.2,500,2000,500,False,True,0.362518103935,0.144237126588,0.264028713777,0.256927981433,0.409419522265,0.172524353874,0.289822032461,0.2905886362,271.1855
0.05,0.2,750,2000,500,True,True,0.362351268161,0.14449276975,0.259945890299,0.255596642737,0.399074753948,0.170353437917,0.284988189833,0.284805460566,275.5384
0.05,0.2,750,2000,500,False,True,0.353503760395,0.142623726953,0.258323598686,0.251483695345,0.378850205988,0.158977383535,0.272031070392,0.269952886639,300.3225
0.2,0.45,500,2000,500,True,True,0.36459443128,0.147379948604,0.264668338469,0.258880906117,0.392832455157,0.163840599023,0.279840883436,0.278837979205,223.2333
0.2,0.45,500,2000,500,False,True,0.355265298285,0.140370457403,0.256670949684,0.250768901791,0.407320220592,0.17266053621,0.290348853788,0.290109870197,259.9881
0.2,0.45,750,2000,500,True,True,0.361572109575,0.145065270464,0.267224488191,0.257953956077,0.395271340064,0.162779992963,0.283889024402,0.28064678581,277.0017
0.2,0.45,750,2000,500,False,True,0.365157559995,0.14704712155,0.267101327845,0.259768669797,0.400769773371,0.166166604336,0.286095260432,0.28434387938,309.8425
0.3,0.25,750,2000,500,True,True,0.363626797075,0.14767720832,0.262686069657,0.257996691684,0.381717238956,0.159246743804,0.271916224454,0.270960069071,267.8581
0.3,0.25,750,2000,500,False,True,0.362010668373,0.145206787191,0.262105346429,0.256440933997,0.40367307591,0.168149433807,0.288810020073,0.28687750993,312.5248
0.3,0.3,250,2000,500,True,True,0.351661435161,0.13713665708,0.261231303221,0.250009798487,0.390017792845,0.158195044607,0.275375323555,0.274529387003,193.1685
0.3,0.3,250,2000,500,False,True,0.360952814338,0.144380634636,0.263115121862,0.256149523612,0.405354666639,0.17254659661,0.287696558534,0.288532607261,201.9412
0.3,0.3,500,2000,500,True,True,0.362882919984,0.145200741751,0.266954765093,0.258346142276,0.395779046554,0.159112058881,0.276278220315,0.277056441917,227.7874
0.3,0.3,500,2000,500,False,True,0.363794211899,0.146842688206,0.265152440615,0.258596446907,0.402763966709,0.17046647303,0.287893461033,0.287041300257,262.8402
0.3,0.3,750,2000,500,True,True,0.370306315358,0.150080633515,0.269646346615,0.26334443183,0.391669340296,0.164211885936,0.276282001795,0.277387742676,274.2175
0.3,0.3,750,2000,500,False,True,0.36239660196,0.145411810285,0.263141341155,0.256983251133,0.401709718578,0.166089368653,0.285976351563,0.284591812931,324.9279
0.3,0.35,250,2000,500,True,True,0.361400649204,0.142510100344,0.262634811177,0.255515186908,0.405735774803,0.173289092839,0.28761250925,0.288879125631,189.2464
0.3,0.35,250,2000,500,False,True,0.356136239636,0.140160930012,0.260386179239,0.252227782963,0.400658058777,0.169753034999,0.286522293854,0.285644462543,198.9138
0.15,0.3,500,2000,500,True,True,0.357633760551,0.144064500971,0.260821475215,0.254173245579,0.39813401111,0.16374223908,0.283256623469,0.281710957886,234.5615
0.15,0.3,500,2000,500,False,True,0.360020706727,0.143914481238,0.260336075533,0.254757087833,0.395298827007,0.164819802989,0.281692359762,0.280603663253,253.7573
0.15,0.3,750,2000,500,True,True,0.3671857558,0.147708864289,0.26575031708,0.260214979056,0.399036251588,0.164225491789,0.287185668825,0.283482470734,280.5971
0.15,0.3,750,2000,500,False,True,0.360915119308,0.146154721765,0.26235890815,0.256476249741,0.39795147251,0.16440022257,0.28283830532,0.281730000133,313.0331
0.05,0.3,750,2000,500,True,True,0.357391477131,0.143467135003,0.258220365148,0.253026325761,0.389492474643,0.161018910556,0.280131224819,0.276880870006,265.3042
0.05,0.3,750,2000,500,False,True,0.362745821054,0.146263347956,0.262554730931,0.257187966647,0.405275408665,0.166968045531,0.284038610001,0.285427354733,312.1344
0.05,0.35,250,2000,500,True,True,0.345944359654,0.133964734699,0.254638023037,0.24484903913,0.384149308833,0.156584859422,0.266096356286,0.26894350818,190.8295
0.05,0.35,250,2000,500,False,True,0.355162175854,0.139989079194,0.258882949758,0.251344734935,0.409535965672,0.173186083432,0.290888031277,0.291203360127,204.6469
0.05,0.35,500,2000,500,True,True,0.36008353874,0.14364512383,0.262579073649,0.255435912073,0.402604856448,0.17267724744,0.292403972167,0.289228692019,225.4548
0.05,0.35,500,2000,500,False,True,0.361639237656,0.144828836942,0.262986053964,0.256484709521,0.404202576201,0.168006508756,0.286593095929,0.286267393629,268.9149
0.05,0.35,750,2000,500,True,True,0.368985697227,0.14915900544,0.270397967661,0.262847556776,0.412838678351,0.173906516539,0.29441189132,0.293719028737,277.1917
0.05,0.35,750,2000,500,False,True,0.355409992645,0.143417294502,0.258838267948,0.252555185032,0.382248599999,0.159907799445,0.279902278269,0.274019559238,322.8219
0.05,0.4,250,2000,500,True,True,0.362105640661,0.145433166421,0.263126233275,0.256888346786,0.391711532585,0.161589921835,0.277541523591,0.276947659337,199.5856
0.05,0.4,250,2000,500,False,True,0.36304748185,0.146068530933,0.265001063739,0.258039025507,0.405885347452,0.173138263276,0.289755366393,0.289592992374,204.8928
0.4,0.3,250,2000,500,True,True,0.352099078648,0.1384942907,0.254504228076,0.248365865808,0.400188358612,0.172197593761,0.281249220657,0.284545057677,205.7534
0.4,0.3,250,2000,500,False,True,0.358047390328,0.140867488974,0.260959453329,0.253291444211,0.408409381528,0.17362181328,0.290154806169,0.290728666992,226.3158
0.4,0.3,500,2000,500,True,True,0.355363496353,0.141142167676,0.258083062106,0.251529575378,0.40103364471,0.173283308046,0.289485684766,0.287934212507,237.2067
0.4,0.3,500,2000,500,False,True,0.371533044839,0.150803368952,0.269253578072,0.263863330621,0.409545088095,0.171263747814,0.289689890203,0.290166242037,266.7259
0.4,0.3,750,2000,500,True,True,0.361556031558,0.146031043231,0.264140485105,0.257242519965,0.40025625298,0.166349016532,0.286241965578,0.284282411697,265.5650
0.4,0.3,750,2000,500,False,True,0.363554415469,0.147342761713,0.264868192423,0.258588456535,0.402743139176,0.172006283176,0.290093207281,0.288280876544,317.1693
0.4,0.35,250,2000,500,True,True,0.354926008103,0.141266190758,0.257630226787,0.251274141883,0.404026053867,0.173374064349,0.28140744117,0.286269186462,233.0733
0.4,0.35,250,2000,500,False,True,0.360778873605,0.143788360248,0.262934136075,0.255833789976,0.408071185364,0.17282181328,0.286135284025,0.289009427556,216.9188
0.4,0.35,500,2000,500,True,True,0.358359587592,0.143271834511,0.259690326311,0.253773916138,0.398143975381,0.166342567306,0.286580522718,0.283689021802,232.9358
0.4,0.35,500,2000,500,False,True,0.362192390186,0.144007478084,0.260837567404,0.255679145225,0.409322519442,0.172949807125,0.293978249991,0.292083525519,293.4317
0.25,0.1,750,2000,500,True,True,0.360955867821,0.147834891227,0.263780329694,0.257523696248,0.398160088959,0.165567880105,0.285622396041,0.283116788368,276.5627
0.25,0.1,750,2000,500,False,True,0.359665827054,0.145540230194,0.262132864925,0.255779640724,0.407507184642,0.175948601087,0.291023834388,0.291493206705,319.0290
0.25,0.15,250,2000,500,True,True,0.365196213121,0.14771294278,0.2625892719,0.258499475934,0.387706404379,0.160046616991,0.27329567959,0.27368290032,196.2710
0.25,0.15,250,2000,500,False,True,0.359846219091,0.145391795161,0.26203025577,0.255756090007,0.386304771355,0.162738906303,0.27967492997,0.276239535876,226.4558
0.25,0.15,500,2000,500,True,True,0.362325980638,0.146096040424,0.267337155686,0.258586392249,0.410941767491,0.176079536112,0.292881922571,0.293301075392,228.7863
0.25,0.15,500,2000,500,False,True,0.361248577804,0.144710914649,0.261366785036,0.25577542583,0.401831556155,0.173284778635,0.282181851945,0.285766062245,254.9243
0.25,0.15,750,2000,500,True,True,0.341556206143,0.135199006724,0.246161284977,0.240972165948,0.334694545633,0.130789761294,0.242634159533,0.23603948882,268.9635
0.25,0.15,750,2000,500,False,True,0.361675747719,0.145010810856,0.261495594272,0.256060717616,0.399889188085,0.167523601087,0.283615205084,0.283675998085,312.3703
0.25,0.2,250,2000,500,True,True,0.352609938833,0.139626672826,0.26002019894,0.2507522702,0.388206984384,0.155513284009,0.269276954119,0.270999074171,191.9657
0.25,0.2,250,2000,500,False,True,0.355478572577,0.141725566616,0.258417704187,0.251873947793,0.409889458156,0.173784684831,0.289630000093,0.291101381027,217.3957
0.35,0.1,500,2000,500,True,True,0.362642693909,0.148487059115,0.265586486059,0.258905413027,0.398755327054,0.165386586369,0.283900173819,0.282680695747,233.8834
0.35,0.1,500,2000,500,False,True,0.363305871675,0.145651986455,0.263718188189,0.257558682106,0.393067956026,0.163289111458,0.284392918348,0.280249995277,291.1413
0.35,0.1,750,2000,500,True,True,0.327122340272,0.130506989913,0.235718765554,0.231116031913,0.339723856679,0.134894492985,0.247556409534,0.240724919733,269.5200
0.35,0.1,750,2000,500,False,True,0.361198801682,0.147401180945,0.26515335945,0.257917780693,0.393733696767,0.165231924201,0.280194957382,0.279720192783,252.9014
0.35,0.15,250,2000,500,True,True,0.351593915015,0.139759868458,0.256907962547,0.249420582007,0.406946601014,0.173254004017,0.289130366393,0.289776990475,184.5797
0.35,0.15,250,2000,500,False,True,0.355007065651,0.141835158989,0.260039878353,0.252294034331,0.404263065004,0.17260483358,0.282992617648,0.286620172077,208.1328
0.35,0.15,500,2000,500,True,True,0.35995876446,0.142221287728,0.260593495717,0.254257849301,0.391082255184,0.165791816967,0.275677096316,0.277517056156,230.0303
0.35,0.15,500,2000,500,False,True,0.355910992633,0.142504988,0.257804197389,0.252073392674,0.38750200161,0.161876950634,0.278978074048,0.276119008764,256.0804
0.35,0.15,750,2000,500,True,True,0.362768186805,0.147480525803,0.264411527724,0.258220080111,0.401019270235,0.164379397143,0.283665163647,0.283021277008,272.2439
0.35,0.15,750,2000,500,False,True,0.362056413754,0.145376489625,0.261882164102,0.256438355827,0.409742048567,0.174265839241,0.29102892026,0.291678936023,333.4408
0.35,0.2,250,2000,500,True,True,0.353699309275,0.141448083385,0.262801438784,0.252649610481,0.394783766208,0.160569765491,0.275324136838,0.276892556179,196.1111
0.35,0.2,250,2000,500,False,True,0.362484225255,0.14523896155,0.265217251545,0.257646812783,0.401167826909,0.17217544815,0.283655817794,0.285666364284,213.5315
0.35,0.2,500,2000,500,True,True,0.353730178557,0.141452167411,0.25698223883,0.250721528266,0.380669983725,0.160889678533,0.277352671751,0.272970778003,242.4012
0.35,0.2,500,2000,500,False,True,0.365303222489,0.147336940072,0.265702974598,0.259447712386,0.401569773371,0.164625863595,0.284556798893,0.283584145287,255.2705
0.15,0.5,500,2000,500,True,True,0.36046749589,0.141836139,0.257055346348,0.253119660413,0.397445131531,0.172054475604,0.284157186214,0.28455226445,236.7903
0.15,0.5,500,2000,500,False,True,0.362723585608,0.144813163399,0.26172613889,0.256420962632,0.397553242138,0.164949807125,0.280750496263,0.281084515175,284.4022
0.15,0.5,750,2000,500,True,True,0.365116911699,0.146386982407,0.262282501485,0.257928798531,0.399053798247,0.166972963219,0.286548115311,0.284191625592,275.2848
0.15,0.5,750,2000,500,False,True,0.362092984045,0.145143330112,0.262522323654,0.256586212604,0.398839560128,0.16503553621,0.283954433394,0.282609843244,271.0082
0.45,0.5,750,2000,500,True,True,0.3574524323,0.143446417127,0.260052478494,0.25365044264,0.388306868301,0.163270172064,0.283669964831,0.278415668399,273.8108
0.45,0.5,750,2000,500,False,True,0.356524616079,0.143760905125,0.25863837234,0.252974631181,0.381855636481,0.160140839523,0.279053969115,0.273683481706,322.8533
0.5,0.1,250,2000,500,True,True,0.353735696394,0.142479244038,0.260067153576,0.252094031336,0.389204519166,0.157851144228,0.272706081436,0.273253914943,209.8569
0.5,0.1,250,2000,500,False,True,0.361265977167,0.147090379749,0.265183377931,0.257846578282,0.395670640825,0.167036619387,0.274967388274,0.279224882829,204.9353
0.5,0.1,500,2000,500,True,True,0.360423981457,0.146062153402,0.263699746036,0.256728626965,0.40491041494,0.173315547865,0.285637470751,0.287954477852,257.9071
0.5,0.1,500,2000,500,False,True,0.356332315358,0.143880040551,0.260064011852,0.25342545592,0.387414252322,0.162167951137,0.278710953254,0.276097718905,263.1384
0.5,0.1,750,2000,500,True,True,0.360001548515,0.147592430437,0.26276206353,0.256785347494,0.396590839624,0.167863503149,0.279945389356,0.281466577376,290.4108
0.5,0.1,750,2000,500,False,True,0.360070262881,0.14483405862,0.258568344393,0.254490888631,0.401210302535,0.166089368653,0.286055375287,0.284451682158,310.4189
0.5,0.15,250,2000,500,True,True,0.358535499246,0.145226399683,0.259969828247,0.254577242392,0.371038671661,0.150955866225,0.26439078991,0.262128442599,206.0577
0.5,0.15,250,2000,500,False,True,0.362688725248,0.145902389271,0.266076037435,0.258222383985,0.399158844709,0.165986748125,0.282581480064,0.282575690966,231.5008
0.05,0.45,250,2000,500,True,True,0.357863846829,0.143513513395,0.264276859917,0.25521807338,0.397889123429,0.163381281022,0.281963485919,0.281077963456,184.0038
0.05,0.45,250,2000,500,False,True,0.358739417775,0.143861047598,0.260722251104,0.254440905492,0.398571760656,0.166689733865,0.281768353406,0.282343282642,202.2456
0.05,0.45,500,2000,500,True,True,0.356858733688,0.138895391106,0.258755614227,0.25150324634,0.405044456764,0.173283308046,0.292627720891,0.290318495234,227.3612
0.05,0.45,500,2000,500,False,True,0.361056642582,0.145247413936,0.264157154493,0.25682040367,0.390012875538,0.160392691375,0.279252762322,0.276552776412,256.2864
0.05,0.45,750,2000,500,True,True,0.362210194966,0.145216606046,0.262911166721,0.256779322578,0.40174225874,0.166980867731,0.283825238787,0.284182788419,272.0779
0.05,0.45,750,2000,500,False,True,0.362581375196,0.145899218265,0.262948148861,0.257142914107,0.407225347393,0.168065839241,0.290641455873,0.288644214169,312.2074
0.05,0.5,250,2000,500,True,True,0.358976831599,0.141689817386,0.258017201173,0.252894616719,0.394982988523,0.160909611568,0.277397647859,0.277763415983,189.5643
0.05,0.5,250,2000,500,False,True,0.351941190443,0.137916245735,0.255487216196,0.248448217458,0.409286467405,0.174297898848,0.289494091883,0.291026152712,200.4027
0.05,0.5,500,2000,500,True,True,0.356068399351,0.141096953827,0.256991062594,0.251385471924,0.395253852982,0.163225191383,0.283969403826,0.280816149397,226.3320
0.05,0.5,500,2000,500,False,True,0.358944666008,0.143518376276,0.262853615989,0.255105552758,0.394065283736,0.163794161963,0.280885176398,0.279581540699,251.1284
0.25,0.45,250,2000,500,True,True,0.356100511139,0.143932690091,0.258067654804,0.252700285345,0.390683050275,0.163137540882,0.274157116495,0.275992569217,210.3307
0.25,0.45,250,2000,500,False,True,0.359223110712,0.14248642594,0.261374539066,0.254361358573,0.401485287226,0.171864092839,0.282967987106,0.28543912239,217.1910
0.25,0.45,500,2000,500,True,True,0.363367987726,0.14609799263,0.264214578126,0.257893519494,0.391951127139,0.161992691375,0.28108268722,0.278342168578,263.3653
0.25,0.45,500,2000,500,False,True,0.358581378636,0.143637963392,0.261654959341,0.254624767123,0.394320357908,0.161992691375,0.283203479361,0.279838842882,277.8493
0.25,0.45,750,2000,500,True,True,0.363630921132,0.146161212549,0.263892960349,0.257895031343,0.377955770692,0.152644895877,0.268976082545,0.266525583038,300.7742
0.25,0.45,750,2000,500,False,True,0.360656248437,0.144457337501,0.260413667126,0.255175751021,0.40531328755,0.166972963219,0.290548115311,0.28761145536,307.3759
0.25,0.5,250,2000,500,True,True,0.352998019133,0.138549824043,0.257879129343,0.24980899084,0.399910968952,0.171487622251,0.28431232422,0.285236971808,195.5921
0.25,0.5,250,2000,500,False,True,0.364669958254,0.147778814219,0.264691703272,0.259046825248,0.388647518438,0.160964921835,0.275453981504,0.275022140592,213.5722
0.25,0.5,500,2000,500,True,True,0.360987158613,0.142845705602,0.262737109152,0.255523324455,0.396314394059,0.163225191383,0.285734038973,0.281757874805,243.7449
0.25,0.5,500,2000,500,False,True,0.364447190539,0.146761602477,0.266357513838,0.259188768951,0.399115574361,0.164875832409,0.288727425217,0.284239610662,268.3102
0.5,0.35,500,2000,500,True,True,0.358589708848,0.143302475044,0.261443948843,0.254445377578,0.393328612999,0.161992691375,0.280974462112,0.278765255496,255.9111
0.5,0.35,500,2000,500,False,True,0.362310504485,0.146793241016,0.264270826997,0.257791524166,0.393945204703,0.163514752484,0.280504167314,0.279321374834,260.0117
0.5,0.35,750,2000,500,True,True,0.335844873424,0.133782263185,0.244010400401,0.237879179003,0.361378373187,0.147586277465,0.263915297869,0.257626649507,277.1637
0.5,0.35,750,2000,500,False,True,0.360843571657,0.145147310599,0.26327128287,0.256420721709,0.406365274133,0.166496608472,0.287457833044,0.28677323855,270.8839
0.0,0.3,250,2000,500,True,True,0.363173529695,0.146070034709,0.264763023538,0.258002195981,0.391331198423,0.161336070294,0.275522857236,0.276063375318,208.7559
0.0,0.3,250,2000,500,False,True,0.357134141602,0.141245580813,0.260781116147,0.253053612854,0.402548575667,0.168594195144,0.284307187121,0.285149985978,226.4150
0.0,0.3,500,2000,500,True,True,0.360653884639,0.146287600055,0.26325584718,0.256732443958,0.408007502309,0.170825863595,0.290413600395,0.289748988766,236.1186
0.0,0.3,500,2000,500,False,True,0.363012758912,0.144335307697,0.262977193265,0.256775086625,0.404052568703,0.168975739526,0.290852355189,0.287960221139,263.0332
0.0,0.3,750,2000,500,True,True,0.358103941447,0.144722767025,0.261380032907,0.25473558046,0.390832557166,0.164975513945,0.277734639922,0.277847570344,267.9552
0.0,0.3,750,2000,500,False,True,0.363444962572,0.14683792548,0.26552117664,0.258601354897,0.398389275708,0.16297522257,0.282453042435,0.281272513571,314.5829
0.0,0.35,250,2000,500,True,True,0.361949725194,0.145447990853,0.259513931743,0.25563721593,0.381487378142,0.158968080876,0.276485029456,0.272313496158,202.6301
0.0,0.35,250,2000,500,False,True,0.351746922614,0.13805616956,0.257984944812,0.249262678995,0.407642185761,0.17362181328,0.288815520455,0.290026506498,226.2860
0.0,0.35,500,2000,500,True,True,0.35908084023,0.143587153503,0.259256240919,0.253974744884,0.391024127632,0.164508529582,0.282024009594,0.279185555603,242.6631
0.0,0.35,500,2000,500,False,True,0.364180730981,0.14719898242,0.264500178026,0.258626630475,0.396627316212,0.163773336537,0.281464781978,0.280621811575,260.2619
0.2,0.15,750,2000,500,True,True,0.359452970317,0.14408945472,0.263453741155,0.25566538873,0.403414399304,0.166968045531,0.28507696979,0.285153138208,266.4547
0.2,0.15,750,2000,500,False,True,0.364208589942,0.147175634449,0.266053523832,0.259145916074,0.404268919464,0.167708786272,0.286581871751,0.286186525829,312.2525
0.2,0.2,250,2000,500,True,True,0.358285372954,0.141931988817,0.261371055266,0.253862805679,0.407921577628,0.173363218713,0.285776164114,0.289020320152,199.5902
0.2,0.2,250,2000,500,False,True,0.364320763024,0.146386991442,0.265146606805,0.258618120424,0.400810404765,0.167206508756,0.283468095929,0.283828336484,197.1664
0.2,0.2,500,2000,500,True,True,0.360976945921,0.143334330892,0.259984043203,0.254765106672,0.400423870274,0.172774974713,0.285191375754,0.28613007358,221.1511
0.2,0.2,500,2000,500,False,True,0.356370535897,0.143029675862,0.259250015977,0.252883409245,0.386084622693,0.161942310112,0.280216789115,0.27608124064,253.5988
0.2,0.2,750,2000,500,True,True,0.340617263951,0.135261110197,0.247160544345,0.241012972831,0.338716643361,0.134397885548,0.244501818756,0.239205449221,266.1739
0.2,0.2,750,2000,500,False,True,0.363415272015,0.145859183503,0.266072520376,0.258448991965,0.409957913261,0.168358080496,0.290050445032,0.289455479596,307.8327
0.2,0.25,250,2000,500,True,True,0.353808200841,0.139638017142,0.256493085176,0.24997976772,0.404894035665,0.171841203691,0.288036951276,0.288257396878,186.3579
0.2,0.25,250,2000,500,False,True,0.351834857626,0.139594270429,0.255705819647,0.249044982567,0.398261532437,0.170573351337,0.281441446381,0.283425443385,198.0194
0.25,0.25,250,2000,500,True,True,0.361799327364,0.146690071262,0.262385166329,0.256958188318,0.388445848074,0.160207823541,0.271220495382,0.273291388999,227.4970
0.25,0.25,250,2000,500,False,True,0.355670518008,0.141153199965,0.258750068002,0.251857928658,0.401141615317,0.171749821925,0.280558810498,0.284483415913,215.1361
0.25,0.25,500,2000,500,True,True,0.359294589858,0.143940333377,0.262569517032,0.255268146756,0.385354334845,0.159281580264,0.277705662249,0.274113859119,254.1785
0.25,0.25,500,2000,500,False,True,0.362916280813,0.14535982084,0.26353886406,0.257271655238,0.397809089611,0.163449393007,0.283152858006,0.281470446875,281.8015
0.25,0.25,750,2000,500,True,True,0.359683741388,0.146232660066,0.262966506572,0.256294302675,0.390410327804,0.163239402834,0.281274360435,0.278308030358,277.7191
0.25,0.25,750,2000,500,False,True,0.361806322971,0.146459012826,0.262816042688,0.257027126161,0.402502576201,0.166180867731,0.284271224253,0.284318222728,303.3435
0.25,0.3,250,2000,500,True,True,0.362846458292,0.147280656118,0.265950581382,0.258692565264,0.388719551072,0.156345538986,0.274490892491,0.273185327517,192.2883
0.25,0.3,250,2000,500,False,True,0.360004835545,0.14433443738,0.263253839479,0.255864370801,0.397763478899,0.16426549144,0.27941541223,0.280481460857,236.2088
0.25,0.3,500,2000,500,True,True,0.365955397966,0.14759739313,0.265833189996,0.259795327031,0.404550490991,0.170673712849,0.285083377598,0.286769193812,242.3801
0.25,0.3,500,2000,500,False,True,0.360100727825,0.144375142908,0.26194248498,0.255472785238,0.393506044125,0.162664111458,0.28276990158,0.279646685721,263.8466
0.5,0.15,500,2000,500,True,True,0.359070634804,0.144504402457,0.260434119851,0.254669719037,0.405820222568,0.177234848173,0.289763562609,0.29093954445,240.8795
0.5,0.15,500,2000,500,False,True,0.350450152074,0.14031842534,0.254624267691,0.248464281702,0.376260134316,0.155575556123,0.278312615079,0.270049435172,269.2145
0.5,0.15,750,2000,500,True,True,0.343431686018,0.137523429698,0.250715201346,0.243890105687,0.366502720002,0.1505223286,0.263119975741,0.260048341448,270.1633
0.5,0.15,750,2000,500,False,True,0.366463495826,0.148277246924,0.265307638721,0.260016127157,0.404613498862,0.170190267753,0.290581871751,0.288461879455,271.1407
0.0,0.1,250,2000,500,True,True,0.350942847006,0.140203216641,0.251922683463,0.24768958237,0.370562789704,0.15502725053,0.27506312137,0.266884387201,182.1290
0.0,0.1,250,2000,500,False,True,0.359047724593,0.142337372221,0.259075142346,0.253486746387,0.392785240358,0.162678195939,0.282202245741,0.279221894012,200.5851
0.0,0.1,500,2000,500,True,True,0.362823532746,0.148088920078,0.263416423498,0.25810962544,0.393775892534,0.163514752484,0.279313691124,0.278868112047,220.8106
0.0,0.1,500,2000,500,False,True,0.365140404322,0.146678452347,0.265904167507,0.259241008059,0.41523151393,0.173687990238,0.291245110581,0.293388204916,248.7411
0.0,0.1,750,2000,500,True,True,0.326969160275,0.129118464467,0.234881730242,0.230323118328,0.342659829089,0.138082024408,0.249131249891,0.243291034463,261.7988
0.0,0.1,750,2000,500,False,True,0.342442272675,0.135758149393,0.247312813965,0.241837745344,0.371847285955,0.154570553328,0.266811757078,0.264409865454,310.3424
0.0,0.15,250,2000,500,True,True,0.366621936425,0.147851613747,0.266949790859,0.26047444701,0.402058303125,0.162817675562,0.280141274603,0.281672417763,200.0148
0.0,0.15,250,2000,500,False,True,0.362750488524,0.145808134925,0.264929149802,0.25782925775,0.409226222924,0.173406508756,0.29032910529,0.29098727899,201.9539
0.0,0.15,500,2000,500,True,True,0.350936225467,0.140468363771,0.250589704031,0.247331431089,0.366637627193,0.149380269927,0.267802033069,0.261273310063,235.9394
0.0,0.15,500,2000,500,False,True,0.362723464162,0.147623365262,0.263889982692,0.258078937372,0.392191134699,0.164019802989,0.279541042591,0.278583993426,271.7408
0.15,0.4,750,2000,500,True,True,0.365546599406,0.148499795458,0.269037814787,0.261028069884,0.382517348177,0.151846986946,0.269923149561,0.268095828228,278.3468
0.15,0.4,750,2000,500,False,True,0.363218511135,0.147097485699,0.264220464317,0.258178820384,0.39000608635,0.161192691375,0.277123910782,0.276107562836,334.5279
0.15,0.45,250,2000,500,True,True,0.34951197046,0.139495245261,0.253934817268,0.24764734433,0.39477735697,0.168073351337,0.279797911182,0.280882873163,196.1229
0.15,0.45,250,2000,500,False,True,0.354563523115,0.139055906998,0.258101617948,0.250573682687,0.406227370946,0.173955314201,0.288762610402,0.28964843185,229.4926
0.15,0.45,500,2000,500,True,True,0.360575682626,0.14442924958,0.263163870223,0.256056267476,0.397968823236,0.16320175534,0.281576693215,0.280915757263,226.8871
0.15,0.45,500,2000,500,False,True,0.360312998084,0.144129521604,0.261914670412,0.2554523967,0.404262083829,0.170725191383,0.288838031277,0.28794176883,269.4580
0.15,0.45,750,2000,500,True,True,0.360470934901,0.144222635247,0.261716476074,0.255470015407,0.39699926827,0.162930076079,0.281638562797,0.280522635715,279.3625
0.15,0.45,750,2000,500,False,True,0.364324331493,0.14746657188,0.267494229881,0.259761711085,0.399819854513,0.163655461805,0.283915479428,0.282463598582,321.6299
0.15,0.5,250,2000,500,True,True,0.361448097954,0.146192027154,0.262196501807,0.256612208972,0.37755667735,0.156300398678,0.270881918322,0.26824633145,228.9204
0.15,0.5,250,2000,500,False,True,0.358912357531,0.140725076312,0.260456046055,0.253364493299,0.403118376237,0.17189049144,0.285973853788,0.286994240489,235.1002
0.35,0.35,250,2000,500,True,True,0.353992087046,0.142695355677,0.259299502235,0.25199564832,0.41322138804,0.173751824173,0.290669916059,0.292547709424,211.6606
0.35,0.35,250,2000,500,False,True,0.355424301046,0.141333452832,0.258820302077,0.251859351985,0.40778863726,0.174010894186,0.287555636679,0.289785056042,242.4668
0.35,0.35,500,2000,500,True,True,0.354598482555,0.139162663814,0.256496893538,0.250086013302,0.40619665539,0.173972963219,0.292262401025,0.290810673211,244.9463
0.35,0.35,500,2000,500,False,True,0.362544352103,0.144608830097,0.265068492646,0.257407224949,0.400540835642,0.164625863595,0.285285395267,0.283484031501,284.9584
0.35,0.35,750,2000,500,True,True,0.370942793207,0.152120721997,0.272304132657,0.265122549287,0.401391033418,0.165342361912,0.28510176626,0.283945053863,300.6827
0.35,0.35,750,2000,500,False,True,0.361612303386,0.144829042487,0.263569987493,0.256670444455,0.391658727292,0.162384651297,0.281147338335,0.278396905641,327.1873
0.35,0.4,250,2000,500,True,True,0.350700750581,0.137422846781,0.254582619576,0.247568738979,0.399029737922,0.169773351337,0.278414288354,0.282405792537,206.1526
0.35,0.4,250,2000,500,False,True,0.356588118839,0.142957602921,0.260258141327,0.253267954363,0.407699165818,0.173811083432,0.290799967459,0.290770072236,238.9095
0.35,0.4,500,2000,500,True,True,0.364831577394,0.147052884223,0.265816530559,0.259233664059,0.398454958556,0.164721443046,0.28398877895,0.282388393517,250.7699
0.35,0.4,500,2000,500,False,True,0.3600751745,0.142874033571,0.261582287863,0.254843831978,0.400295779515,0.167408693066,0.28899676851,0.285567080364,282.5548
0.2,0.25,500,2000,500,True,True,0.368459061993,0.149943076993,0.266826725908,0.261742954965,0.395584588186,0.164255493225,0.284328343138,0.28138947485,222.1524
0.2,0.25,500,2000,500,False,True,0.365704793592,0.146671361467,0.264519091726,0.258965082262,0.412386758041,0.174947249497,0.289426327513,0.292253445017,250.8027
0.2,0.25,750,2000,500,True,True,0.363618584164,0.147363710459,0.262669869999,0.257884054874,0.397471837236,0.165621244184,0.282800359146,0.281964480189,256.2885
0.2,0.25,750,2000,500,False,True,0.362439244068,0.145800415335,0.264270193377,0.25750328426,0.401019270235,0.164379397143,0.283665163647,0.283021277008,309.6037
0.5,0.25,750,2000,500,True,True,0.362448814069,0.146077241974,0.262580856093,0.257035637379,0.401283449601,0.169584207147,0.287728930574,0.286198862441,282.5751
0.5,0.25,750,2000,500,False,True,0.362559255337,0.145167016422,0.263551768456,0.257092680072,0.396478957768,0.163859065622,0.283261311701,0.281199778363,315.2684
0.5,0.3,250,2000,500,True,True,0.3595592773,0.142756808953,0.259234226996,0.253850104416,0.40627950782,0.175653510828,0.289532903671,0.290488640773,194.8349
0.5,0.3,250,2000,500,False,True,0.357540793929,0.143191641812,0.25954697755,0.253426471097,0.404238434462,0.172515547865,0.283618839544,0.286790940624,227.3903
0.5,0.3,500,2000,500,True,True,0.36411759037,0.146483762183,0.265250985294,0.258617445949,0.39764266153,0.164109088703,0.280383511396,0.280711753877,230.2221
0.5,0.3,500,2000,500,False,True,0.361753749206,0.145271687308,0.261514269444,0.256179901986,0.410366197603,0.174459778635,0.293345734359,0.292723903532,262.4274
0.5,0.3,750,2000,500,True,True,0.359895472043,0.145323163088,0.262656373591,0.255958336241,0.398849744132,0.166192880105,0.286728456647,0.283923693628,290.4879
0.5,0.3,750,2000,500,False,True,0.357301774455,0.14272464567,0.259096038817,0.253040819647,0.397632980878,0.16583553621,0.281962028546,0.281810181878,316.6810
0.5,0.35,250,2000,500,True,True,0.351087387503,0.137707158147,0.260660910699,0.24981848545,0.393627499103,0.160255016879,0.274274480612,0.276052332198,220.9830
0.5,0.35,250,2000,500,False,True,0.352528519833,0.138788095521,0.258529861604,0.249948825653,0.402986630205,0.171263006509,0.286560494,0.286936710238,221.9377
0.1,0.2,250,2000,500,True,True,0.355891253982,0.139629049926,0.25902937668,0.251516560196,0.405179344898,0.17027546295,0.28656075855,0.287338522133,203.0449
0.1,0.2,250,2000,500,False,True,0.364607336486,0.146791917,0.264703991963,0.258701081817,0.394879834972,0.162017110387,0.274567458005,0.277154801121,233.6679
0.1,0.2,500,2000,500,True,True,0.344127545872,0.134314188358,0.246386983507,0.241609572579,0.375441317453,0.153184612953,0.271879313575,0.266835081327,253.8606
0.1,0.2,500,2000,500,False,True,0.364263373616,0.146944886103,0.266462091199,0.259223450306,0.401569773371,0.164625863595,0.284556798893,0.283584145287,316.6608
0.1,0.2,750,2000,500,True,True,0.366932355171,0.146882951736,0.266144019067,0.259986441991,0.398630003208,0.16594191888,0.279568884738,0.281380268942,282.0554
0.1,0.2,750,2000,500,False,True,0.363212748676,0.145282838637,0.265163971231,0.257886519515,0.402967891788,0.167388920952,0.285915625252,0.285424145998,329.1695
0.1,0.25,250,2000,500,True,True,0.360598590837,0.144190063199,0.260544332635,0.255110995557,0.385353867644,0.159429476887,0.273432134772,0.272738493101,198.9355
0.1,0.25,250,2000,500,False,True,0.361824895914,0.145980397443,0.264707781305,0.257504358221,0.405279934347,0.172228362992,0.288326794965,0.288611697434,213.8943
0.1,0.25,500,2000,500,True,True,0.357275904589,0.141700456523,0.256938470973,0.251971610695,0.400950764627,0.173283308046,0.286981543507,0.28707187206,238.5861
0.1,0.25,500,2000,500,False,True,0.362822651488,0.144487588866,0.263249893398,0.256853377918,0.395771632942,0.164019802989,0.281573007086,0.280454814339,269.7435
0.05,0.1,750,2000,500,True,True,0.372635920019,0.150306596229,0.268699050504,0.26388052225,0.406221946373,0.169683483633,0.28623948453,0.287381638179,261.7553
0.05,0.1,750,2000,500,False,True,0.340668334433,0.134820360792,0.245434831988,0.240307842404,0.355775174643,0.14071280479,0.25625372952,0.250913902984,314.8491
0.05,0.15,250,2000,500,True,True,0.352722913904,0.139251812748,0.256446431919,0.249473719524,0.409216259835,0.172520887354,0.287534060619,0.289757069269,196.8870
0.05,0.15,250,2000,500,False,True,0.360463919667,0.145658884947,0.262333305458,0.256152036691,0.412306430073,0.179685104235,0.292829074167,0.294940202825,206.2178
0.05,0.15,500,2000,500,True,True,0.361484070282,0.144848524893,0.26301862345,0.256450406209,0.401331678133,0.163825863595,0.283075317412,0.28274428638,229.3444
0.05,0.15,500,2000,500,False,True,0.364815798887,0.147441537327,0.265354293016,0.25920387641,0.396119197377,0.161654521212,0.279622936459,0.27913221835,259.2161
0.05,0.15,750,2000,500,True,True,0.347154570442,0.138912215966,0.253468343497,0.246511709968,0.380453340086,0.158214997773,0.277481021365,0.272049786408,279.3086
0.05,0.15,750,2000,500,False,True,0.363455723915,0.144861911146,0.2628347601,0.257050798387,0.405349295249,0.173535256098,0.290556972902,0.289813841417,315.0706
0.05,0.2,250,2000,500,True,True,0.358541614552,0.142921544856,0.26191631381,0.254459824406,0.399514617799,0.168615039661,0.280488225201,0.282872627554,202.1550
0.05,0.2,250,2000,500,False,True,0.350166236587,0.136562027487,0.257014371845,0.247914211973,0.413043610262,0.17587252553,0.291467636857,0.29346125755,200.6065
0.15,0.1,500,2000,500,True,True,0.360738781413,0.145011321271,0.261707413344,0.255819172009,0.398406583522,0.170108016671,0.281292566938,0.28326905571,234.8565
0.15,0.1,500,2000,500,False,True,0.366719884162,0.147658553921,0.265012930094,0.259797122726,0.403428502127,0.167206508756,0.284340348677,0.28499178652,263.6195
0.15,0.1,750,2000,500,True,True,0.362902407313,0.146989496127,0.264709304623,0.258200402688,0.391393884149,0.164446659629,0.279045676464,0.278295406748,280.4226
0.15,0.1,750,2000,500,False,True,0.36118141386,0.145813035397,0.263638360492,0.25687760325,0.394083539322,0.16665285621,0.282906951271,0.281214448934,260.3281
0.4,0.1,250,2000,500,True,True,0.358873333749,0.146820624469,0.261002659886,0.255565539368,0.369859404955,0.14977822551,0.260244980502,0.259960870322,210.9835
0.4,0.1,250,2000,500,False,True,0.360440242975,0.144857726576,0.263636379562,0.256311449704,0.390643367735,0.162423255168,0.273357116495,0.275474579799,221.0057
0.4,0.1,500,2000,500,True,True,0.36050132957,0.145331605686,0.261119898743,0.255650944667,0.392083539322,0.165071659629,0.281907460049,0.279687553,269.0560
0.4,0.1,500,2000,500,False,True,0.363111738477,0.147504383203,0.264881359201,0.258499160294,0.394112048877,0.16697679974,0.282038718934,0.281042522517,295.2388
0.4,0.1,750,2000,500,True,True,0.36015846106,0.145893343949,0.259782636224,0.255278147078,0.391445262596,0.162404812587,0.279088896776,0.277646323986,306.5816
0.4,0.1,750,2000,500,False,True,0.340692442301,0.135857202519,0.245530897043,0.240693513954,0.352688539629,0.142043615792,0.254587255541,0.249773136987,325.4152
0.4,0.15,250,2000,500,True,True,0.351545810295,0.138153715191,0.259249422015,0.249649649167,0.385097674542,0.153502279234,0.268181407019,0.268927120265,189.2416
0.4,0.15,250,2000,500,False,True,0.363463077952,0.146828509855,0.263996631837,0.258096073215,0.409949666148,0.174120794471,0.289855560317,0.291308673645,219.1100
0.4,0.15,500,2000,500,True,True,0.371326776968,0.149113847898,0.268210359304,0.26288366139,0.402129493553,0.16777957273,0.280856485369,0.283588517217,239.3388
0.4,0.15,500,2000,500,False,True,0.361828424524,0.143602089341,0.26109957327,0.255510029045,0.410498872497,0.174947249497,0.290793652397,0.292079924797,278.7646
0.3,0.35,500,2000,500,True,True,0.356030195637,0.141591671173,0.258489665445,0.252037177418,0.402035300437,0.169423751981,0.289752224734,0.287070425717,240.2803
0.3,0.35,500,2000,500,False,True,0.362292448785,0.145685427451,0.262416800843,0.256798225693,0.412431514151,0.175774433807,0.295323967749,0.294509971902,260.7481
0.3,0.35,750,2000,500,True,True,0.356774222446,0.14274275013,0.259703201154,0.253073391243,0.397352789617,0.168399021962,0.283635140355,0.283128983978,272.5194
0.3,0.35,750,2000,500,False,True,0.366828146991,0.148902292467,0.268177493616,0.261302644358,0.404490880294,0.168013920952,0.287166847148,0.286557216132,311.9155
0.2,0.35,750,2000,500,True,True,0.36567301241,0.145879359736,0.262238178118,0.257930183421,0.391778323881,0.163253005016,0.281502052441,0.278844460446,284.1328
0.2,0.35,750,2000,500,False,True,0.369546022034,0.149655772608,0.268189633568,0.262463809403,0.402019426239,0.16707199273,0.287828538591,0.285639985853,315.6304
0.2,0.4,250,2000,500,True,True,0.358974724975,0.14500450337,0.261196767205,0.255058665184,0.381382968173,0.156681524839,0.265254169249,0.267772887421,193.9185
0.2,0.4,250,2000,500,False,True,0.358160690212,0.143823461455,0.261403163792,0.254462438487,0.409636310921,0.174220414678,0.288934653772,0.29093045979,196.3564
0.2,0.4,500,2000,500,True,True,0.35707337263,0.143316458115,0.257610337194,0.252666722647,0.3766240141,0.157731783796,0.27528124318,0.269879013692,232.5134
0.2,0.4,500,2000,500,False,True,0.360253537844,0.143865830571,0.260790615924,0.25496999478,0.3933618923,0.163277387072,0.279843385944,0.278827555105,268.2729
0.2,0.4,750,2000,500,True,True,0.362646735458,0.14617096174,0.262555578921,0.257124425373,0.394244324009,0.165621244184,0.280222978193,0.280029515462,274.4710
0.2,0.4,750,2000,500,False,True,0.363882546954,0.146471997445,0.264465026682,0.25827319036,0.39766541145,0.163773336537,0.28131222247,0.280916990152,308.4883
0.2,0.45,250,2000,500,True,True,0.351519901333,0.137941550226,0.255927463551,0.248462971703,0.409089458156,0.174584684831,0.291168461631,0.291614201539,192.3074
0.2,0.45,250,2000,500,False,True,0.358323153942,0.143401191416,0.260537511388,0.254087285582,0.394024969766,0.164713263276,0.276708386491,0.278482206511,207.3404
0.45,0.25,250,2000,500,True,True,0.359908294474,0.145315577334,0.264189472985,0.256471114931,0.395726568616,0.164591230137,0.276806467144,0.279041421966,201.6166
0.45,0.25,250,2000,500,False,True,0.354530575058,0.141661269358,0.25983292179,0.252008255402,0.412493453778,0.176097141272,0.28979674628,0.292795780443,221.4660
0.45,0.25,500,2000,500,True,True,0.361631450589,0.145320881367,0.262827949494,0.25659342715,0.395288667527,0.166097300655,0.284609409028,0.28199845907,257.4031
0.45,0.25,500,2000,500,False,True,0.363965797851,0.14763822781,0.26418948158,0.258597835747,0.391357801366,0.163219802989,0.27944546314,0.278007689165,308.4703
0.45,0.25,750,2000,500,True,True,0.348225142409,0.139889744768,0.253838426941,0.247317771372,0.382858681967,0.160025098783,0.278231458292,0.27370507968,265.6091
0.45,0.25,750,2000,500,False,True,0.360947981195,0.146144336013,0.262886745398,0.256659687535,0.389216691167,0.163204812587,0.281127358315,0.27784962069,330.5259
0.45,0.3,250,2000,500,True,True,0.359657244697,0.144046790741,0.262761052481,0.25548836264,0.402914454999,0.171679929943,0.287718909874,0.287437764939,205.7495
0.45,0.3,250,2000,500,False,True,0.358203212404,0.144079229278,0.262805434493,0.255029292058,0.400484296269,0.167556400531,0.281244177582,0.283094958127,224.1185
0.45,0.3,500,2000,500,True,True,0.365257403312,0.148808917789,0.266338533326,0.260134951476,0.383700807854,0.157176705346,0.271975401962,0.270950971721,237.8601
0.45,0.3,500,2000,500,False,True,0.358320413786,0.141548071244,0.260172755098,0.253347080043,0.39501001308,0.162617691375,0.283119884795,0.280249196417,266.4768
0.05,0.4,500,2000,500,True,True,0.354942772873,0.141483201124,0.256033036024,0.250819670007,0.405561734755,0.174459778635,0.290288514696,0.290103342695,226.0808
0.05,0.4,500,2000,500,False,True,0.358935728525,0.143539823082,0.262684185925,0.255053245844,0.389946894335,0.160081580264,0.28023794587,0.276755473489,258.3171
0.05,0.4,750,2000,500,True,True,0.360963840974,0.144317176134,0.260072924113,0.255117980407,0.400469142163,0.166283308046,0.285354993618,0.284035814609,277.3003
0.05,0.4,750,2000,500,False,True,0.360653839484,0.144255181237,0.261816896441,0.255575305721,0.400326515063,0.167519037894,0.287850684009,0.285232078989,308.5260
0.15,0.2,750,2000,500,True,True,0.361466836205,0.144977335384,0.265012453841,0.257152208476,0.403558077465,0.167354496267,0.28883832382,0.286583632517,273.1605
0.15,0.2,750,2000,500,False,True,0.36434829015,0.148222837173,0.267244187242,0.259938438188,0.403558077465,0.165777435335,0.28819316253,0.285842891776,310.9042
0.15,0.25,250,2000,500,True,True,0.352695007009,0.139365761637,0.257752035886,0.249937601511,0.401722893942,0.171198351337,0.283923407525,0.285614884268,195.4044
0.15,0.25,250,2000,500,False,True,0.360780618297,0.144332287565,0.262841417697,0.25598477452,0.396023748765,0.16597544815,0.277163412946,0.279720869954,208.1677
0.15,0.25,500,2000,500,True,True,0.358091376552,0.1453414042,0.261489518556,0.254974099769,0.389820102953,0.162757618115,0.278000426344,0.276859382471,227.4523
0.15,0.25,500,2000,500,False,True,0.363613922424,0.146883046812,0.264307921369,0.258268296868,0.398490571092,0.165425863595,0.284666689003,0.28286104123,256.0207
0.15,0.25,750,2000,500,True,True,0.357709940214,0.143409911016,0.260882632597,0.254000827943,0.396188641822,0.162761121885,0.281888079075,0.280279280927,277.9424
0.15,0.25,750,2000,500,False,True,0.364564436576,0.145239090129,0.263722847604,0.25784212477,0.406350403624,0.170698892462,0.292344298431,0.289797864839,308.2560
0.15,0.3,250,2000,500,True,True,0.36123934326,0.143355511287,0.263222411954,0.255939088834,0.406597598165,0.173481400531,0.290579542217,0.290219513638,193.7050
0.15,0.3,250,2000,500,False,True,0.358511422397,0.14322294622,0.261670802105,0.25446839024,0.394903448013,0.163012540882,0.277955698319,0.278623895738,213.5028
0.3,0.45,750,2000,500,True,True,0.361832536144,0.144744695554,0.265569164835,0.257382132177,0.395422467884,0.157594390826,0.280888658101,0.277968505604,299.3592
0.3,0.45,750,2000,500,False,True,0.352942614457,0.142855398899,0.256310579667,0.250702864341,0.377259314285,0.158600098783,0.274716824777,0.270192079282,343.9884
0.3,0.5,250,2000,500,True,True,0.361345324906,0.14190776021,0.263700233409,0.255651106175,0.390381168676,0.158130641802,0.278091679068,0.275534496516,211.9399
0.3,0.5,250,2000,500,False,True,0.358602663949,0.141644927057,0.261110116277,0.253785902428,0.403082763824,0.170687622251,0.284353889137,0.28604142507,228.2900
0.3,0.5,500,2000,500,True,True,0.359120762128,0.142730602248,0.262457146111,0.254769503496,0.401769298045,0.169495993465,0.287583103441,0.286282798317,246.1942
0.3,0.5,500,2000,500,False,True,0.357737190034,0.141935462479,0.258295959287,0.252656203933,0.403695250415,0.168149433807,0.288913435176,0.286919373133,288.5790
0.3,0.5,750,2000,500,True,True,0.366906945802,0.144670927062,0.266696144177,0.259424672347,0.398059653908,0.159855665688,0.279938897078,0.279284738891,307.6615
0.3,0.5,750,2000,500,False,True,0.364177415857,0.146647255819,0.264251683034,0.258358784904,0.397555859793,0.167519037894,0.285929067692,0.28366798846,292.9614
0.35,0.1,250,2000,500,True,True,0.344910312962,0.131749687292,0.251561413708,0.242740471321,0.389910513152,0.163288728552,0.269509026948,0.274236089551,192.0322
0.35,0.1,250,2000,500,False,True,0.36444926895,0.146223203931,0.265669500541,0.258780657807,0.393256485779,0.162076934822,0.274995771957,0.276776397519,214.5099
0.25,0.2,500,2000,500,True,True,0.359500558218,0.144692587035,0.265832102619,0.256675082624,0.399190111352,0.162883741316,0.28542731941,0.282500390692,231.9527
0.25,0.2,500,2000,500,False,True,0.361389334225,0.145112854381,0.261458063258,0.255986750621,0.395597551149,0.162994161963,0.282427947353,0.280339886822,262.5391
0.25,0.2,750,2000,500,True,True,0.365636996896,0.147368709846,0.266563976044,0.259856560929,0.387306447361,0.158782890857,0.270384325576,0.272157887932,271.4054
0.25,0.2,750,2000,500,False,True,0.360470994644,0.145266425335,0.263255281648,0.256330900542,0.402868422292,0.166729496267,0.288232263214,0.285943393924,300.9796
0.5,0.2,250,2000,500,True,True,0.355743114422,0.142468854102,0.260076592982,0.252762853835,0.410422125294,0.174133898197,0.291178268491,0.291911430661,229.9366
0.5,0.2,250,2000,500,False,True,0.360041630871,0.142520567056,0.261645672656,0.254735956861,0.394536460288,0.166774882099,0.280230021687,0.280513788025,234.9868
0.5,0.2,500,2000,500,True,True,0.362467961651,0.146597259251,0.265551275655,0.258205498852,0.399992109838,0.169190267753,0.28082696979,0.283336449127,238.3507
0.5,0.2,500,2000,500,False,True,0.361761805377,0.145658552795,0.260753241909,0.256057866693,0.408452081607,0.173121608472,0.286016274603,0.289196654894,281.6136
0.5,0.2,750,2000,500,True,True,0.363356099229,0.146523569862,0.262562360993,0.257480676695,0.390838505306,0.160913956251,0.279296571267,0.277016344275,266.0842
0.5,0.2,750,2000,500,False,True,0.360475282395,0.146071295915,0.265075873614,0.257207483974,0.391858696767,0.164019802989,0.279763584833,0.27854736153,306.3205
0.5,0.25,250,2000,500,True,True,0.359323798577,0.145667137294,0.263054341264,0.256015092378,0.393440313681,0.165889733865,0.275036770175,0.278122272573,216.1194
0.5,0.25,250,2000,500,False,True,0.354071349057,0.139422045175,0.256982879641,0.250158757958,0.401064116188,0.172997593761,0.283057113337,0.285706274429,225.8026
0.5,0.25,500,2000,500,True,True,0.358883990109,0.145368341713,0.260253713651,0.254835348491,0.375760532597,0.151801453179,0.264571571267,0.264044519014,237.9561
0.5,0.25,500,2000,500,False,True,0.360607107441,0.144922757245,0.261420661973,0.255650175553,0.403912820201,0.170725191383,0.289023216462,0.287887076016,274.3006
0.1,0.25,750,2000,500,True,True,0.359203291395,0.142690594263,0.258402538565,0.253432141408,0.409209895412,0.172007337557,0.292870765779,0.291362666249,299.7476
0.1,0.25,750,2000,500,False,True,0.364561534155,0.147329797597,0.264478772121,0.258790034624,0.400370071025,0.166180867731,0.2808188433,0.282456594019,301.4237
0.1,0.3,250,2000,500,True,True,0.364136646185,0.146367746447,0.264903639138,0.258469343924,0.391182398251,0.162809594754,0.277914874641,0.277302289215,190.6720
0.1,0.3,250,2000,500,False,True,0.366342828201,0.146395965916,0.269004689685,0.260581161267,0.398638319257,0.164057158107,0.280786844118,0.281160773828,212.4560
0.1,0.3,500,2000,500,True,True,0.368115069624,0.146371662591,0.264588885266,0.259691872494,0.408219996753,0.169653402986,0.292223121786,0.290032173842,239.0918
0.1,0.3,500,2000,500,False,True,0.362639429055,0.144852561861,0.262074989088,0.256522326668,0.403681493801,0.167315547865,0.287785128298,0.286260723322,277.4662
0.1,0.3,750,2000,500,True,True,0.355781289045,0.144731957625,0.259745201347,0.253419482672,0.387597402505,0.161974386532,0.279481504492,0.276351097843,270.9449
0.1,0.3,750,2000,500,False,True,0.361656881124,0.14522864614,0.263032306331,0.256639277865,0.399202690353,0.169404812587,0.287948685136,0.285518729359,313.0950
0.1,0.35,250,2000,500,True,True,0.361271780407,0.144343290604,0.26449627019,0.2567037804,0.402691411758,0.168948067198,0.284322220805,0.285320566587,197.0038
0.1,0.35,250,2000,500,False,True,0.358662349716,0.14275125674,0.260956586609,0.254123397688,0.408621618206,0.173254004017,0.289890046528,0.29058855625,223.2111
0.0,0.45,500,2000,500,True,True,0.357607654767,0.14178373841,0.259456913156,0.252949435444,0.384781203889,0.160765839523,0.278755468924,0.274767504112,229.2342
0.0,0.45,500,2000,500,False,True,0.361805427101,0.144743136567,0.262853771797,0.256467445155,0.405445983717,0.171686177236,0.290517824602,0.289216661852,265.3898
0.0,0.45,750,2000,500,True,True,0.360676588384,0.146528305513,0.262035310872,0.25641340159,0.402550198849,0.170557053894,0.290250626114,0.287785959619,289.1817
0.0,0.45,750,2000,500,False,True,0.363829408364,0.145719330858,0.265563840955,0.258370860059,0.3963121365,0.163169161963,0.281924277082,0.280468525182,288.2259
0.3,0.15,500,2000,500,True,True,0.358200453967,0.143273903163,0.259108528137,0.253527628422,0.396114916856,0.163714077277,0.275390606153,0.278406533429,230.4673
0.3,0.15,500,2000,500,False,True,0.366197816266,0.148086411801,0.265363262636,0.259882496901,0.399290571092,0.164625863595,0.283128227465,0.282348220717,271.1371
0.3,0.15,750,2000,500,True,True,0.336307782158,0.132380990807,0.242267277719,0.236985350228,0.358299355255,0.145481014307,0.259262062216,0.254347477259,272.3635
0.3,0.15,750,2000,500,False,True,0.365294547594,0.148399616577,0.266630412469,0.260108192213,0.408470082573,0.172556773307,0.29031874528,0.29044853372,278.9547
0.35,0.4,750,2000,500,True,True,0.363697049094,0.146106000372,0.263363090082,0.257722046516,0.40160347884,0.166283308046,0.287854993618,0.285247260168,300.2697
0.35,0.4,750,2000,500,False,True,0.365309468175,0.147042001437,0.264635694168,0.25899572126,0.403741037961,0.166441596817,0.286669808433,0.28561748107,314.5878
0.35,0.45,250,2000,500,True,True,0.360004227612,0.143781270486,0.261229580584,0.255005026227,0.398508872076,0.16684394409,0.283674414012,0.283009076726,203.3613
0.35,0.45,250,2000,500,False,True,0.362539337461,0.14415049526,0.266334085018,0.257674639247,0.402254903822,0.166689733865,0.284233861017,0.284392832901,258.2578
0.35,0.45,500,2000,500,True,True,0.366481958932,0.147496305936,0.267512302924,0.260496855931,0.40242978547,0.167642114817,0.285513699727,0.285195200005,239.7154
0.35,0.45,500,2000,500,False,True,0.363605031625,0.145338376359,0.264354034765,0.25776581425,0.405531432529,0.167920794471,0.285878810215,0.286443679072,282.6560
0.35,0.45,750,2000,500,True,True,0.363366378835,0.14468071981,0.263335715304,0.25712760465,0.39129898075,0.160475227238,0.28281022945,0.278194812479,278.9186
0.35,0.45,750,2000,500,False,True,0.359482342845,0.145288889328,0.262303218627,0.2556914836,0.39330956866,0.164381283176,0.283168465356,0.280286439064,333.1552
0.35,0.5,250,2000,500,True,True,0.350898355914,0.138119879444,0.254642256449,0.247886830602,0.386729561731,0.157915868462,0.267827031384,0.270824153859,213.0071
0.35,0.5,250,2000,500,False,True,0.359218448837,0.142304145517,0.261931781015,0.25448479179,0.405435436571,0.172445342691,0.290193906853,0.289358228705,258.8078
0.15,0.35,250,2000,500,True,True,0.3569527323,0.142863370395,0.262193542176,0.254003214957,0.406451729219,0.174745670684,0.288516904855,0.289904768252,214.6083
0.15,0.35,250,2000,500,False,True,0.359587431123,0.144794828562,0.262051249578,0.255477836421,0.399179208763,0.16921696698,0.284601686739,0.284332620828,216.8237
0.15,0.35,500,2000,500,True,True,0.361549218614,0.145065426381,0.261952428212,0.256189024402,0.401168111809,0.173083308046,0.286392350675,0.286881256844,234.0289
0.15,0.35,500,2000,500,False,True,0.364612572433,0.147244731629,0.265701835752,0.259186379938,0.405244159946,0.174093584644,0.288860494,0.289399412863,269.3607
0.15,0.35,750,2000,500,True,True,0.366289964563,0.146255551111,0.263621193089,0.258722236254,0.404574371294,0.165641596817,0.287048115311,0.285754694474,286.1357
0.15,0.35,750,2000,500,False,True,0.358924762765,0.143646451191,0.261052847416,0.254541353791,0.393111929262,0.163581283176,0.280065087252,0.27891943323,321.2676
0.15,0.4,250,2000,500,True,True,0.351342792818,0.139553946983,0.256814261813,0.249237000538,0.401601024329,0.171841203691,0.286891003275,0.286777743765,211.9794
0.15,0.4,250,2000,500,False,True,0.35765136837,0.140459580167,0.261075211557,0.253062053365,0.400020085639,0.16489049144,0.280262213576,0.281724263552,214.0243
0.15,0.4,500,2000,500,True,True,0.361581641036,0.144576675397,0.260969766637,0.255709361023,0.402597998369,0.17016053621,0.290215520455,0.287658018345,231.2016
0.15,0.4,500,2000,500,False,True,0.36327827877,0.144863496917,0.263232021473,0.257124599053,0.412509054746,0.175149433807,0.296012401025,0.294556963193,273.1236
0.1,0.15,500,2000,500,True,True,0.364074800283,0.145193064432,0.261807625224,0.257025163313,0.401314298034,0.168084778635,0.285961054224,0.285120043631,226.1902
0.1,0.15,500,2000,500,False,True,0.363302469624,0.147139921854,0.265022760759,0.258488384079,0.396553670312,0.16360022257,0.27991394175,0.280022611544,263.0654
0.1,0.15,750,2000,500,True,True,0.351823998945,0.14123973873,0.253156723384,0.248740153686,0.368721281181,0.152171397983,0.262613880766,0.26116885331,285.7181
0.1,0.15,750,2000,500,False,True,0.359468080772,0.145601438523,0.260071728312,0.255047082536,0.401764884447,0.173908308046,0.290611015725,0.288761402739,310.9703
0.0,0.15,750,2000,500,True,True,0.356366375204,0.144250085368,0.256055436535,0.252223965702,0.37969147583,0.158487187456,0.269754879916,0.269311181067,266.5995
0.0,0.15,750,2000,500,False,True,0.364291310077,0.145550860671,0.262380060057,0.257407410268,0.399747179929,0.167284778635,0.284896730011,0.283976229525,312.2572
0.0,0.2,250,2000,500,True,True,0.356592189152,0.14015486603,0.255700855516,0.250815970233,0.402745970987,0.171428362992,0.283030817794,0.285735050591,199.0339
0.0,0.2,250,2000,500,False,True,0.357294180538,0.143984398818,0.261183828851,0.254154136069,0.406410222194,0.173379929943,0.288535844249,0.289441998795,200.4286
0.0,0.2,500,2000,500,True,True,0.360164689421,0.142294688808,0.259473678945,0.253977685725,0.405045922679,0.170422633755,0.29002735459,0.288498637008,221.7423
0.0,0.2,500,2000,500,False,True,0.364554899349,0.146519981787,0.265023617961,0.258699499699,0.398169881437,0.164774807125,0.279818095331,0.280920927964,261.9525
0.0,0.2,750,2000,500,True,True,0.360787508016,0.144070566536,0.257617336372,0.254158470308,0.4025660451,0.17266053621,0.28912986942,0.28811881691,261.9579
0.0,0.2,750,2000,500,False,True,0.360845756791,0.145418661643,0.264529635262,0.256931351232,0.398834271099,0.166361984925,0.282812263907,0.282669506644,303.2088
0.0,0.25,250,2000,500,True,True,0.361931650785,0.146357612661,0.263168581384,0.257152614943,0.410727443926,0.175787461137,0.289896301058,0.292137068707,192.4449
0.0,0.25,250,2000,500,False,True,0.36406879602,0.145279435438,0.263583809084,0.257644013514,0.406582125132,0.172496552046,0.288300339938,0.289126339039,215.5030
0.25,0.3,750,2000,500,True,True,0.366320000645,0.145847232345,0.265492937677,0.259220056889,0.39923456104,0.16412569065,0.288028033541,0.283796095077,303.1821
0.25,0.3,750,2000,500,False,True,0.36388981316,0.145628451131,0.265065372794,0.258194545695,0.408029771189,0.172007337557,0.290225604488,0.290087571078,316.9395
0.25,0.35,250,2000,500,True,True,0.356957027961,0.143101259377,0.261392589173,0.253816958837,0.399707102326,0.164612009358,0.284327425217,0.282882178967,219.4275
0.25,0.35,250,2000,500,False,True,0.351735274315,0.13950176983,0.256851269606,0.249362771251,0.405089275708,0.17312142826,0.28691075855,0.288373820839,209.7997
0.25,0.35,500,2000,500,True,True,0.359561246469,0.144317430328,0.263985380948,0.255954685915,0.401452727884,0.166443495038,0.287658714298,0.285184979073,225.9421
0.25,0.35,500,2000,500,False,True,0.364368592722,0.146801474481,0.26464243332,0.258604166841,0.396276522561,0.163773336537,0.28066706118,0.280238973426,259.2220
0.25,0.35,750,2000,500,True,True,0.360225153568,0.145046794124,0.26172256512,0.255664837604,0.396102217483,0.165608275791,0.282637025119,0.281449172797,285.9053
0.25,0.35,750,2000,500,False,True,0.360869671388,0.145694735936,0.262667340539,0.256410582621,0.402579872595,0.166355867731,0.285230080212,0.284721940179,326.8884
0.25,0.4,250,2000,500,True,True,0.356831780748,0.142806813921,0.261776731061,0.253805108577,0.410543207915,0.177189453753,0.292153268491,0.293295310053,197.7490
0.25,0.4,250,2000,500,False,True,0.357830854507,0.140990702355,0.260373306941,0.253064954601,0.406121618206,0.172228362992,0.287720734359,0.288690238519,206.5414
0.35,0.3,500,2000,500,True,True,0.354708752429,0.13858067775,0.258495948327,0.250595126169,0.378720794339,0.150736125719,0.267802090059,0.265753003372,234.7176
0.35,0.3,500,2000,500,False,True,0.367369853833,0.146050061693,0.265960452588,0.259793456038,0.404311273378,0.16660044815,0.284240154753,0.285050625427,272.4838
0.35,0.3,750,2000,500,True,True,0.373515077633,0.149463399947,0.274562411307,0.265846962962,0.403855327054,0.169301930284,0.290622324541,0.287926527293,281.6952
0.35,0.3,750,2000,500,False,True,0.361505486809,0.145182446373,0.263500444244,0.256729459142,0.403085135753,0.1681250985,0.290203625185,0.287137953146,290.7554
0.4,0.45,500,2000,500,True,True,0.363420878964,0.145926128049,0.263732780496,0.257693262503,0.391796045949,0.159002102171,0.274387480545,0.275061876222,232.2821
0.4,0.45,500,2000,500,False,True,0.356583765485,0.141397158447,0.260176669892,0.252719197941,0.398103955792,0.163169161963,0.282141208299,0.281138108685,257.0929
0.4,0.45,750,2000,500,True,True,0.361104240708,0.14323367263,0.262768979102,0.25570229748,0.403125274414,0.165725191383,0.287099594684,0.285316686827,268.9016
0.4,0.45,750,2000,500,False,True,0.36132894095,0.144142354553,0.261710884419,0.255727393307,0.402344395012,0.1681250985,0.290203625185,0.286891039566,273.3386
0.3,0.4,250,2000,500,True,True,0.36273922316,0.143858721732,0.263076805799,0.25655825023,0.39550356157,0.161362649107,0.277469846031,0.278112018903,220.8645
0.3,0.4,250,2000,500,False,True,0.363949508806,0.14754493264,0.264562641445,0.258685694297,0.390402619855,0.158729476887,0.278532562316,0.275888219686,246.9003
0.3,0.4,500,2000,500,True,True,0.361635836928,0.148739340569,0.266068952092,0.258814709863,0.384301213315,0.161526686084,0.276625436024,0.274151111807,246.6479
0.3,0.4,500,2000,500,False,True,0.360387777912,0.142980315754,0.26112115019,0.254829747952,0.400988664148,0.166266596817,0.284660128298,0.283971796421,273.6043
0.3,0.4,750,2000,500,True,True,0.369063069443,0.147316553746,0.267977673031,0.261452432073,0.387920795323,0.162836594561,0.275617483658,0.27545829118,270.7516
0.3,0.4,750,2000,500,False,True,0.362262492716,0.14665568004,0.264103511138,0.257673894631,0.402290937392,0.166166604336,0.286026136008,0.284827892579,333.1603
0.3,0.45,250,2000,500,True,True,0.35350595339,0.139510514953,0.255806813149,0.249607760498,0.406399395984,0.172664092839,0.287006448644,0.288689979156,198.4261
0.3,0.45,250,2000,500,False,True,0.358039414763,0.141060749989,0.258697588187,0.252599250979,0.40068633841,0.171312622251,0.280637539775,0.284212166812,229.4593
0.3,0.45,500,2000,500,True,True,0.360889073595,0.144476240537,0.262091945744,0.255819086625,0.394534581169,0.163881561645,0.279606331332,0.279340824715,244.7756
0.3,0.45,500,2000,500,False,True,0.358818309494,0.14221458603,0.260071943927,0.25370161315,0.395683320871,0.163169161963,0.281019856533,0.279957446456,283.9892
0.45,0.3,750,2000,500,True,True,0.364622863482,0.147558122586,0.266364902221,0.259515296096,0.393665475674,0.16122440622,0.284949123587,0.27994633516,268.8513
0.45,0.3,750,2000,500,False,True,0.362684161623,0.146536351429,0.264798527623,0.258006346892,0.404749184764,0.166355867731,0.285299204636,0.28546808571,307.9078
0.45,0.35,250,2000,500,True,True,0.358336628896,0.144985558243,0.261050879262,0.254791022134,0.386379698567,0.158311405994,0.273070517908,0.27258720749,211.2556
0.45,0.35,250,2000,500,False,True,0.357555199989,0.142560019855,0.260275731777,0.25346365054,0.409990190757,0.173379929943,0.290555366393,0.291308495698,230.6197
0.45,0.35,500,2000,500,True,True,0.358843107026,0.144966667754,0.260701089802,0.254836954861,0.386383483092,0.161506580264,0.282617902786,0.276835988714,244.4370
0.45,0.35,500,2000,500,False,True,0.363665195269,0.146589361629,0.264342785314,0.258199114071,0.392391792917,0.162369161963,0.279348341773,0.278036432218,277.1899
0.45,0.35,750,2000,500,True,True,0.371407365998,0.150338546199,0.273226054194,0.264990655464,0.397817488444,0.162241652661,0.281977749816,0.28067896364,285.6451
0.45,0.35,750,2000,500,False,True,0.359271656546,0.143067784443,0.258870628276,0.253736689755,0.40265350633,0.166331251989,0.286548115311,0.285177624543,304.3965
0.45,0.4,250,2000,500,True,True,0.340471914056,0.129389755423,0.250987205806,0.240282958428,0.377268745356,0.154247819068,0.262412373602,0.264642979342,203.0386
0.45,0.4,250,2000,500,False,True,0.359046230276,0.144397358989,0.261392139869,0.254945243045,0.405339193606,0.171428362992,0.286788333426,0.287851963341,215.4037
0.15,0.15,250,2000,500,True,True,0.354611295633,0.139913607313,0.256225546221,0.250250149722,0.400400916042,0.172997593761,0.283810499736,0.285736336513,183.1223
0.15,0.15,250,2000,500,False,True,0.353180093278,0.138738505857,0.258377087978,0.250098562371,0.407696290272,0.174238639589,0.283586582726,0.288507170862,203.2645
0.15,0.15,500,2000,500,True,True,0.357942816436,0.141628447237,0.26015977676,0.253243680144,0.390437411816,0.159881039005,0.271275479415,0.273864643412,225.9696
0.15,0.15,500,2000,500,False,True,0.364531267842,0.14519265977,0.264083768219,0.25793589861,0.411298872497,0.171811263644,0.288588524192,0.290566220111,260.6418
0.15,0.15,750,2000,500,True,True,0.361421394897,0.142027784768,0.260411078448,0.254620086038,0.383631708126,0.160197449461,0.277978474729,0.273935877438,263.1281
0.15,0.15,750,2000,500,False,True,0.362280511379,0.145276267102,0.263505213386,0.257020663956,0.400272180287,0.166355867731,0.284489339471,0.28370579583,308.2667
0.15,0.2,250,2000,500,True,True,0.353935376366,0.139749238428,0.258157957025,0.250614190606,0.409564245183,0.173862169,0.287858313248,0.290428242477,192.5046
0.15,0.2,250,2000,500,False,True,0.356284989672,0.140174694006,0.259495243756,0.251984975811,0.405642022961,0.170955687519,0.286663963678,0.287753891386,202.0124
0.15,0.2,500,2000,500,True,True,0.362452533535,0.147710137251,0.264200194097,0.258120954961,0.386579902862,0.161448855418,0.274175825068,0.274068194449,235.1660
0.15,0.2,500,2000,500,False,True,0.359951393902,0.143384621473,0.26061321793,0.254649744435,0.404376041178,0.169423751981,0.289752224734,0.287850672631,254.2963
0.2,0.3,250,2000,500,True,True,0.362383791721,0.143420746925,0.261329841628,0.255711460091,0.393056404379,0.162995982441,0.276176429263,0.277409605361,191.2416
0.2,0.3,250,2000,500,False,True,0.361658369304,0.142994633673,0.263175509898,0.255942837625,0.396111864231,0.163714020852,0.279783377598,0.279869754227,203.0620
0.2,0.3,500,2000,500,True,True,0.361314077713,0.144597857402,0.262682485077,0.256198140064,0.4045986297,0.165425863595,0.286121715458,0.285382069584,221.6464
0.2,0.3,500,2000,500,False,True,0.36697438858,0.147441213891,0.267166148582,0.260527250351,0.398666177733,0.16740044815,0.282900869039,0.282989164974,253.2229
0.2,0.3,750,2000,500,True,True,0.367010737648,0.148947084805,0.266168123278,0.260708648577,0.402280220263,0.164780466826,0.291413236815,0.286157974635,263.7499
0.2,0.3,750,2000,500,False,True,0.36241068736,0.145666340471,0.264073700298,0.257383576043,0.40426532947,0.173374807125,0.288826336896,0.28882215783,309.7813
0.2,0.35,250,2000,500,True,True,0.359410065226,0.143330421506,0.259242665289,0.253994384007,0.404381868423,0.173028362992,0.28607721584,0.287829149085,191.4930
0.2,0.35,250,2000,500,False,True,0.358213379841,0.143464013334,0.261745525606,0.254474306261,0.403523938108,0.169560104235,0.286484943268,0.286522995204,217.3443
0.2,0.35,500,2000,500,True,True,0.362658182987,0.144549197979,0.26339444838,0.256867276449,0.39423260862,0.161192691375,0.280169225682,0.278531508559,226.8152
0.2,0.35,500,2000,500,False,True,0.359758787833,0.143120368854,0.261017230564,0.254632129084,0.399497069766,0.163169161963,0.286523148448,0.283063126726,261.6519
0.4,0.15,750,2000,500,True,True,0.363374078524,0.144449091455,0.261674621281,0.256499263753,0.397214831818,0.170054475604,0.284204016543,0.283824441322,284.9673
0.4,0.15,750,2000,500,False,True,0.358431299192,0.145249666127,0.260552388924,0.254744451415,0.383291445305,0.157950447508,0.272447567517,0.27122982011,321.4509
0.4,0.2,250,2000,500,True,True,0.360648541813,0.145560753584,0.261952831213,0.256054042203,0.373447787549,0.150248631001,0.262483153772,0.262059857441,196.5538
0.4,0.2,250,2000,500,False,True,0.360091148387,0.145572231658,0.26429413162,0.256652503888,0.404928740713,0.173379929943,0.287910844249,0.288739838302,217.3094
0.4,0.2,500,2000,500,True,True,0.360751349354,0.14586329801,0.26222658822,0.256280411861,0.392962154867,0.163598336537,0.277892372712,0.278150954705,234.2716
0.4,0.2,500,2000,500,False,True,0.365923742798,0.147068336445,0.26533449337,0.259442190871,0.401887761386,0.167206508756,0.285227355189,0.28477387511,268.9817
0.4,0.2,750,2000,500,True,True,0.363402696557,0.146268326602,0.263387174001,0.25768606572,0.390348104985,0.159514341828,0.276875989398,0.275579478737,276.5401
0.4,0.2,750,2000,500,False,True,0.360717075659,0.145616488316,0.262932224669,0.256421929548,0.395755949514,0.16360022257,0.280559103041,0.279971758375,327.2257
0.4,0.25,250,2000,500,True,True,0.353119896982,0.138153816915,0.255577942286,0.248950552061,0.388965730857,0.16467724744,0.275731091727,0.276458023341,194.6881
0.4,0.25,250,2000,500,False,True,0.361687951455,0.144927974416,0.263648472316,0.256754799396,0.400089451261,0.168275408539,0.283942621404,0.284102493735,211.8180
0.45,0.2,500,2000,500,True,True,0.365326304468,0.146988350754,0.265817054167,0.259377236463,0.413129474306,0.175535897886,0.289430384893,0.292698585695,259.5947
0.45,0.2,500,2000,500,False,True,0.361909306517,0.144359082661,0.261670873125,0.255979754101,0.398364645166,0.16360022257,0.283059103041,0.281674656925,264.0187
0.45,0.2,750,2000,500,True,True,0.355292036882,0.142756351923,0.25694909478,0.251665827862,0.38846178997,0.162253421223,0.279259114846,0.27665810868,282.9954
0.45,0.2,750,2000,500,False,True,0.360326752488,0.148074046628,0.262538564634,0.256979787917,0.388088112721,0.162289071847,0.279365203258,0.276580795942,270.6063
0.0,0.5,250,2000,500,True,True,0.353868241394,0.139625994101,0.257240588412,0.250244941302,0.409285062552,0.173005743944,0.28767761914,0.289989475212,181.9906
0.0,0.5,250,2000,500,False,True,0.356010121846,0.140527156639,0.258587134036,0.251708137507,0.402753479321,0.171487622251,0.287632670541,0.287291257371,210.7034
0.0,0.5,500,2000,500,True,True,0.361565464023,0.143166647982,0.261561558223,0.255431223409,0.397772649974,0.16753553621,0.285144091883,0.283484092689,227.1022
0.0,0.5,500,2000,500,False,True,0.356408826879,0.141937303292,0.257721598408,0.252022576193,0.413211408331,0.174315547865,0.295192535705,0.294239830634,247.8405
0.0,0.5,750,2000,500,True,True,0.359537762284,0.144632159744,0.260741543064,0.254970488364,0.397352789617,0.166421244184,0.282588718934,0.282120917579,267.7002
0.0,0.5,750,2000,500,False,True,0.360807539275,0.143688442357,0.262934267175,0.255810082936,0.401014345751,0.167519037894,0.287850684009,0.285461355885,311.0420
0.05,0.1,250,2000,500,True,True,0.361921927713,0.1432539258,0.261492395115,0.255556082876,0.393712115939,0.162155560679,0.280418354301,0.278762010307,191.2341
0.05,0.1,250,2000,500,False,True,0.363543811952,0.146752135585,0.265560511854,0.258618819797,0.396343717748,0.166481400531,0.278415068565,0.280413395615,209.3583
0.05,0.1,500,2000,500,True,True,0.36667963753,0.14863505391,0.266497872012,0.260604187817,0.381291445305,0.161263670233,0.269865835409,0.270806983649,231.9133
0.05,0.1,500,2000,500,False,True,0.35863870114,0.142689108635,0.26113351747,0.254153775748,0.3986328444,0.164623977562,0.281960952474,0.281739258145,262.0725
